1000 10000
4 7 1 2 3 2 8 3 1 7 6 4 1 1 2 0 2 6 7 2 3 3 0 4 3 6 6 3 2 5 6 1 6 1 2 0 7 6 6 4 3 4 6 4 4 3 3 1 1 0 3 5 0 0 6 0 4 4 4 7 2 1 1 3 5 6 4 1 2 0 4 6 5 6 8 1 0 2 1 1 6 4 9 5 1 2 4 2 0 3 4 6 2 0 1 0 5 7 1 0 4 2 7 1 0 6 5 6 1 4 3 2 5 4 6 2 1 5 0 4 4 6 4 0 6 6 2 6 0 2 6 1 6 1 0 1 1 1 2 2 1 4 0 6 5 2 1 0 0 5 3 0 2 4 6 0 1 7 1 0 5 4 3 0 0 1 2 0 5 1 1 4 3 8 4 0 0 1 4 0 0 3 4 3 0 3 0 5 3 5 0 4 6 7 6 0 5 0 3 2 6 2 10 4 0 4 0 4 6 5 7 4 5 6 2 0 0 1 1 3 2 1 1 4 1 5 0 0 3 2 4 4 7 4 0 3 2 3 4 0 5 1 3 0 3 1 3 0 1 7 2 2 1 6 4 3 7 6 0 4 1 3 2 3 0 3 6 4 6 0 0 1 6 2 8 0 4 2 6 2 3 0 0 1 5 2 5 6 4 3 0 0 3 1 1 0 3 0 3 4 3 4 2 7 2 3 5 3 0 6 3 5 1 6 4 1 1 4 5 5 5 1 1 5 0 5 1 6 2 2 3 0 0 3 0 1 1 2 0 6 5 8 2 6 1 2 6 0 0 4 8 3 2 1 4 1 1 0 0 4 0 5 6 9 1 6 0 2 3 0 1 0 2 1 6 3 2 4 3 5 2 3 5 3 1 5 4 5 0 4 4 1 1 0 2 0 0 2 7 3 2 2 3 4 6 6 4 6 1 2 3 1 8 2 2 5 0 1 4 0 7 3 2 0 2 3 4 5 4 3 4 0 2 5 4 2 3 0 5 4 7 2 3 3 0 2 2 4 3 2 6 2 3 3 3 1 0 2 1 3 0 0 3 1 0 4 3 1 2 3 2 3 4 2 1 3 10 0 1 0 3 2 2 1 0 1 3 2 0 2 4 6 5 7 2 6 0 1 4 1 2 2 3 8 3 1 7 1 4 4 6 4 0 3 3 3 4 1 0 7 5 6 1 1 3 0 1 5 3 5 6 3 1 2 5 4 1 3 4 3 4 7 9 0 3 0 4 4 6 4 3 1 0 5 2 1 3 2 0 5 0 2 3 1 4 6 5 0 2 7 6 4 0 5 1 5 5 3 7 0 5 3 4 4 3 7 5 2 2 2 1 6 6 1 4 0 1 4 2 1 7 3 6 6 5 2 1 1 1 0 2 1 1 7 1 0 6 0 6 3 6 5 5 3 3 1 3 1 3 1 0 4 1 4 4 2 1 2 2 6 4 4 3 0 2 2 0 6 4 0 1 1 1 0 1 3 4 0 0 2 1 5 3 2 3 0 0 6 0 0 3 3 6 0 1 6 0 3 1 7 0 2 0 0 2 4 3 1 2 3 6 7 2 2 2 6 4 1 0 3 1 4 2 6 7 3 1 0 3 4 0 5 3 5 4 0 1 2 2 0 5 4 1 5 9 1 2 3 2 6 3 2 1 1 2 0 3 1 2 0 2 4 3 0 1 6 3 3 7 3 2 2 3 1 2 4 2 1 4 3 2 5 0 7 0 4 4 3 2 0 3 3 2 3 0 1 0 8 0 5 5 0 4 2 4 0 1 1 6 0 2 2 1 4 0 1 4 4 0 4 1 1 1 2 1 3 1 1 0 1 1 2 0 0 1 5 5 2 2 6 0 0 3 2 2 2 0 1 3 4 4 4 4 2 3 4 1 3 1 1 2 1 3 1 4 6 2 0 4 0 5 2 5 4 5 1 0 1 2 6 2 0 1 4 0 3 6 2 4 1 2 1 0 0 1 1 3 3 1 0 3 3 2 2 2 1 0 0 3 1 4 2 0 4 1 3 2 0 1 1 3 3 0 1 0 3 2 1 3 1 1 2 7 2 1 5 4 3 2 3 0 1 0 3 0 3 1 0 0 4 4 1 5 5 4 2 2 1 2 0 1 1 2 0 0 2 2 1 6 2 2 0 2 0 2 1 1 0 0 2 1 0 4 3 3 3 1 2 3 1 5 2 2 1 0 0 2 0 2 1 5 0 2 1 0 2 2 3 1 0 1 3 2 3 0 0 0 0 1 0
0 1 9
0 340 10
0 846 2
0 62 8
0 77 5
0 295 8
1 2 10
1 220 8
1 779 7
1 123 1
1 8 9
1 829 8
1 296 6
1 145 7
2 3 5
2 352 6
2 128 9
2 670 4
2 194 10
2 405 8
2 701 1
2 65 1
3 4 2
3 441 2
3 641 5
3 531 8
3 414 4
3 471 7
3 448 2
3 447 4
3 72 4
3 447 8
3 156 1
3 382 5
3 333 1
3 570 10
3 532 9
4 5 4
4 726 4
4 467 5
4 43 9
4 325 4
4 272 3
4 323 1
4 18 9
4 926 7
4 938 8
4 265 9
4 548 4
4 114 8
5 6 5
5 410 2
5 407 4
5 574 8
5 364 3
5 373 4
5 168 9
5 422 4
5 786 7
5 402 3
5 818 9
5 347 4
5 65 2
5 362 4
6 7 4
6 978 7
6 663 10
6 257 9
6 14 3
6 88 3
6 785 9
6 500 2
6 504 6
6 507 2
7 8 6
7 392 4
7 167 5
7 774 1
7 397 7
7 945 10
7 898 3
7 206 5
7 58 1
7 282 5
8 9 3
8 633 3
8 386 4
8 940 7
8 855 5
8 239 6
8 318 10
9 10 5
9 233 9
9 18 6
9 72 5
9 713 9
9 605 7
10 11 1
10 217 9
10 475 7
10 243 7
10 336 7
10 725 10
10 220 3
10 265 9
11 12 9
11 279 6
11 670 3
11 667 4
11 606 5
11 509 7
11 597 8
11 392 1
11 521 7
12 13 3
12 311 7
12 737 3
12 703 4
12 482 8
12 304 6
12 622 2
12 411 4
12 132 2
12 595 7
12 140 5
12 278 6
12 316 4
12 17 6
12 775 2
12 234 3
12 989 3
12 49 2
12 165 9
13 14 5
13 775 5
13 966 4
13 704 8
13 189 8
13 825 1
13 861 6
13 690 3
13 543 2
13 478 5
14 15 1
14 769 6
14 283 4
14 366 2
14 750 9
14 210 2
14 646 4
14 978 7
14 699 2
14 130 2
14 716 7
14 868 3
14 167 8
15 16 1
15 770 2
15 187 5
15 427 6
15 480 1
15 62 7
15 591 8
15 126 8
15 325 2
15 770 1
16 17 9
16 284 9
16 23 9
16 144 3
16 508 5
16 133 8
16 932 8
16 131 4
16 939 4
16 530 5
16 723 2
16 641 6
16 999 10
17 18 5
17 560 5
17 619 2
17 883 5
17 475 6
17 651 3
17 817 4
17 878 10
17 648 6
17 667 2
17 601 2
17 556 9
17 562 4
18 19 3
18 650 4
18 745 6
18 580 9
19 20 8
19 253 4
19 452 10
19 820 7
19 542 5
19 588 2
19 328 4
20 21 2
20 560 8
20 347 5
20 366 5
20 901 8
20 36 9
20 685 8
20 85 10
20 787 5
20 785 2
21 22 1
21 727 7
21 682 10
21 873 3
21 339 3
21 532 1
21 705 5
21 270 7
21 812 9
21 391 5
21 679 7
22 23 10
22 89 4
22 272 1
22 915 4
22 584 7
22 661 2
22 988 2
22 571 1
22 247 4
23 24 5
23 116 7
23 893 6
23 363 4
23 615 5
23 52 9
23 605 1
23 784 10
23 854 3
23 590 10
23 430 9
23 440 4
23 617 2
24 25 8
24 263 9
24 495 6
24 659 2
24 490 8
24 905 9
24 257 7
24 626 7
24 731 3
24 260 4
24 735 4
24 78 4
24 41 1
24 473 8
24 347 8
24 718 3
24 548 4
25 26 8
25 959 9
25 209 8
25 878 9
25 360 10
25 43 10
25 975 6
25 968 3
26 27 8
26 238 3
26 807 10
26 645 4
26 253 6
26 763 3
26 983 10
26 166 1
26 171 8
26 246 8
26 299 8
26 844 8
27 28 6
27 772 8
27 838 1
27 813 7
27 255 10
27 417 1
28 29 3
28 749 6
28 280 5
28 520 7
28 43 6
28 963 9
28 319 8
28 641 1
28 77 5
28 860 2
28 411 5
28 300 5
29 30 1
29 65 6
29 512 1
29 792 2
29 327 5
30 31 5
30 422 7
30 132 1
30 540 4
30 379 7
30 593 3
30 577 2
31 32 8
31 846 4
31 196 6
31 669 1
31 373 6
31 921 2
31 866 2
31 147 4
32 33 2
32 861 7
32 741 10
32 879 10
32 163 8
32 587 6
32 544 6
32 894 5
32 153 4
32 91 5
32 725 7
32 641 6
33 34 2
33 653 3
33 501 1
33 401 8
33 548 6
33 337 7
33 215 9
33 49 1
33 380 7
33 817 1
33 429 10
33 507 2
33 599 6
34 35 7
34 894 2
34 470 9
34 156 4
34 695 10
34 313 2
34 95 7
34 913 4
35 36 8
35 664 10
35 897 1
35 788 3
35 39 4
35 777 6
36 37 2
36 607 9
36 234 1
36 518 5
36 545 9
36 816 3
36 301 6
37 38 10
37 338 4
37 325 8
37 261 4
37 955 9
37 405 8
37 338 10
37 867 2
38 39 1
38 131 1
38 128 2
38 780 7
38 49 5
38 548 7
38 289 1
38 348 4
38 232 9
39 40 3
39 598 3
39 468 5
39 186 2
39 919 2
39 71 2
39 252 1
39 141 1
40 41 3
40 935 2
40 985 1
40 198 6
40 953 10
40 294 9
40 795 2
40 172 10
40 953 7
40 945 9
40 944 7
40 447 7
41 42 10
41 793 2
41 494 6
41 178 7
41 665 5
41 321 8
41 211 5
41 269 8
41 561 7
41 923 3
41 93 1
42 43 5
42 888 1
42 369 9
42 562 2
42 876 4
42 755 8
42 88 5
42 963 3
42 284 6
43 44 2
43 338 2
43 477 2
43 660 2
43 514 7
43 751 6
43 935 6
43 524 6
43 353 5
43 485 7
43 857 7
43 334 6
44 45 4
44 855 4
44 900 3
44 306 3
44 985 5
44 324 10
45 46 2
45 622 7
45 875 2
45 925 1
45 992 4
45 87 8
45 519 1
45 343 3
45 328 10
45 262 5
45 533 5
45 443 1
46 47 9
46 457 1
46 86 3
46 965 3
46 764 2
46 178 6
46 212 9
46 626 1
46 593 4
46 96 6
46 191 4
46 925 6
46 204 6
46 565 10
46 209 2
47 48 7
47 149 8
47 112 5
47 996 10
47 284 4
47 178 9
47 743 6
48 49 10
48 456 2
48 67 6
48 333 7
48 894 1
48 868 9
48 193 7
48 252 9
48 387 6
48 656 6
48 49 4
48 285 5
49 50 10
49 101 5
49 727 2
49 965 5
49 840 7
49 361 2
49 627 9
49 530 3
49 522 9
49 59 7
49 165 8
50 51 10
50 453 10
50 814 8
50 217 10
50 598 1
50 461 10
50 715 7
50 508 8
50 461 5
50 334 5
50 762 6
51 52 4
51 224 10
51 308 2
51 799 6
51 509 10
51 335 3
51 447 6
51 465 10
52 53 9
52 327 7
52 725 5
52 394 1
52 257 4
52 873 9
52 658 5
52 55 8
52 580 8
52 89 4
53 54 7
53 156 7
53 459 5
53 225 8
53 666 1
53 748 6
53 730 6
53 730 5
53 718 4
53 942 6
53 640 3
53 891 7
53 737 5
53 956 6
54 55 8
54 155 7
54 941 6
54 158 6
54 942 10
54 248 3
54 828 7
54 784 6
54 471 4
54 617 3
54 172 10
54 900 9
54 895 10
54 511 8
55 56 8
55 947 3
55 238 5
55 594 7
55 82 7
55 368 9
55 713 5
55 716 6
55 291 3
55 984 4
55 878 6
55 520 7
55 529 4
55 759 3
55 898 1
56 57 5
56 568 10
56 704 2
56 679 4
56 365 10
56 475 6
56 364 3
56 918 3
56 327 7
57 58 10
57 710 1
57 330 7
57 458 5
57 712 6
57 798 3
57 446 8
57 433 7
57 61 4
57 213 1
58 59 7
58 667 4
58 302 9
58 423 1
58 188 8
58 712 2
58 283 7
59 60 5
59 310 2
59 706 9
59 893 7
59 791 8
59 392 10
59 509 7
60 61 10
60 83 3
60 690 6
60 501 4
60 848 2
60 866 6
60 319 2
61 62 10
61 977 2
61 426 3
61 352 4
61 349 3
61 192 5
61 964 1
61 347 10
61 996 9
61 72 2
61 681 3
61 232 10
61 550 1
61 523 7
61 160 8
62 63 1
62 633 10
62 91 10
62 465 1
62 388 8
62 638 6
62 702 8
62 633 1
62 740 8
62 337 1
62 883 2
62 376 6
62 963 3
63 64 10
63 912 9
63 442 9
63 690 5
63 128 8
63 805 4
64 65 2
64 798 8
64 839 10
64 335 6
64 888 4
64 188 5
64 706 2
64 735 1
64 865 6
64 83 8
64 121 2
64 533 4
64 773 9
64 712 7
64 386 5
65 66 4
65 335 4
65 903 2
65 416 1
65 597 10
65 764 6
65 802 8
66 67 4
66 366 8
66 439 4
66 238 9
66 885 5
66 803 5
66 224 10
66 156 5
66 540 10
66 521 1
67 68 5
67 384 7
67 386 9
67 416 4
67 672 7
67 376 1
67 846 7
67 414 4
67 643 2
67 235 1
67 88 1
67 238 4
68 69 2
68 74 5
68 256 9
68 328 8
68 877 3
68 860 2
68 455 3
68 856 5
68 268 4
68 424 3
68 468 1
68 944 2
68 125 6
69 70 3
69 794 3
69 640 9
69 171 10
69 564 7
69 116 1
69 430 6
69 431 3
70 71 4
70 614 10
70 585 3
70 167 10
70 550 5
70 907 7
70 442 4
70 430 2
71 72 3
71 993 4
71 537 1
71 656 6
72 73 9
72 307 7
72 613 1
72 391 10
72 658 5
72 989 4
72 499 10
72 725 2
72 710 8
73 74 2
73 630 8
73 614 5
73 731 7
73 506 9
73 629 5
73 153 10
74 75 3
74 121 7
74 372 2
74 729 8
74 210 9
74 261 10
74 403 4
74 953 6
74 447 1
74 473 9
74 303 9
75 76 1
75 204 6
75 471 9
75 535 10
75 832 6
75 592 7
75 321 8
75 89 7
76 77 7
76 817 2
76 846 8
76 640 5
76 452 3
76 636 10
76 583 1
76 624 10
76 325 3
76 258 6
76 537 1
77 78 8
77 364 7
77 421 5
78 79 10
78 605 5
78 125 9
78 709 6
78 788 3
78 114 2
79 80 8
79 215 10
79 99 8
79 356 2
79 451 10
79 820 10
79 586 6
79 599 8
79 686 3
79 997 1
79 711 2
79 692 5
80 81 5
80 521 10
80 854 8
80 516 2
80 331 2
80 458 8
80 408 2
80 804 6
81 82 1
81 417 5
81 786 8
81 697 10
81 143 3
81 450 7
81 382 2
81 651 6
81 772 8
81 142 10
81 418 4
81 782 6
81 454 7
81 363 6
82 83 4
82 782 9
82 944 8
82 483 3
82 696 10
82 838 6
82 990 7
83 84 5
83 130 10
83 871 9
83 178 1
83 890 2
83 506 6
83 332 3
83 426 3
83 168 4
83 904 4
84 85 5
84 359 3
84 465 3
84 169 1
84 300 10
84 303 2
85 86 8
85 403 2
85 657 1
85 383 8
85 512 5
85 680 7
85 784 7
85 231 2
85 831 3
85 241 1
85 262 8
85 99 2
85 866 2
85 416 3
85 541 1
85 923 5
85 980 2
86 87 2
86 775 3
86 235 10
86 433 6
86 124 9
86 913 9
86 848 5
86 449 7
86 143 5
87 88 4
87 772 6
87 98 8
87 360 6
87 392 10
87 343 9
87 109 1
87 218 9
88 89 5
88 655 8
88 525 7
88 510 9
88 685 1
88 705 5
88 673 3
88 947 6
88 527 5
88 137 2
89 90 10
89 919 6
89 487 9
89 585 10
89 218 3
89 665 5
89 998 2
89 265 10
89 924 6
90 91 4
90 97 7
90 864 3
90 461 9
90 424 5
91 92 7
91 454 9
91 840 2
91 688 1
91 468 3
91 416 9
91 113 4
91 911 10
91 496 2
91 440 10
91 164 3
91 539 5
91 626 5
91 227 6
91 399 2
91 286 1
91 832 3
92 93 2
92 247 1
92 349 6
92 315 3
92 242 5
92 935 4
92 928 10
92 423 3
92 834 4
92 281 5
92 817 3
92 616 8
92 232 7
92 575 10
92 468 5
92 217 5
93 94 9
93 99 5
93 822 4
93 751 9
93 210 8
93 211 2
93 110 7
93 979 1
93 773 6
93 802 8
93 740 4
93 459 3
94 95 4
94 962 6
94 679 7
94 503 5
94 867 6
94 179 4
94 725 9
94 155 7
94 405 4
94 665 5
94 359 8
94 773 10
95 96 3
95 511 7
95 707 10
95 140 4
95 589 3
95 137 9
95 271 2
95 603 3
95 412 1
95 191 1
95 727 7
95 594 6
95 361 5
96 97 5
96 226 3
96 825 10
96 507 6
96 335 1
97 98 3
97 615 3
97 541 4
97 704 6
97 500 1
97 672 3
97 114 7
97 108 3
97 570 9
97 968 9
97 713 1
97 819 2
97 157 9
98 99 2
98 634 2
98 646 10
98 877 2
98 731 7
98 310 9
98 417 6
98 653 9
98 238 2
99 100 1
99 548 8
99 582 3
99 877 4
99 203 4
99 171 7
99 785 1
99 924 1
99 978 9
99 326 4
99 505 4
99 154 6
99 883 5
99 378 2
99 299 4
100 101 3
100 923 8
100 536 3
100 222 2
100 858 10
101 102 5
101 134 10
101 435 2
101 829 3
101 457 5
101 970 9
101 234 5
101 764 10
102 103 10
102 394 10
102 322 9
102 284 5
102 844 9
102 825 9
102 585 9
102 118 6
102 516 1
102 193 9
102 282 4
102 421 6
102 886 8
102 236 2
103 104 10
103 448 5
103 952 8
103 916 7
103 545 8
103 618 3
103 606 1
103 224 8
103 130 9
103 799 9
103 519 2
103 628 10
104 105 5
104 240 2
104 858 4
104 928 3
104 112 9
104 735 9
104 316 9
104 798 1
104 834 9
104 393 6
104 618 7
104 788 6
104 333 9
104 525 7
104 500 3
104 711 10
104 275 10
105 106 8
105 426 6
105 519 7
105 203 2
105 521 2
105 141 2
105 751 7
105 663 5
105 629 7
105 135 4
105 854 4
105 807 5
105 684 3
105 803 9
106 107 2
106 615 3
106 503 10
106 375 10
106 808 8
106 865 1
106 162 6
106 906 8
106 436 9
106 260 5
106 187 3
106 804 1
106 708 10
107 108 8
107 410 7
107 443 9
107 286 7
107 955 4
107 192 3
108 109 5
108 119 2
108 501 1
108 554 1
108 848 7
108 242 4
108 682 7
108 200 7
108 900 2
108 746 10
109 110 7
109 453 5
109 248 5
109 370 10
109 607 4
109 244 3
109 331 3
109 261 10
109 153 8
109 249 2
109 499 5
110 111 5
110 886 7
110 633 7
110 595 4
110 732 7
110 850 1
110 468 3
110 598 7
110 672 9
110 570 3
110 256 8
110 349 4
110 331 4
110 657 10
111 112 9
111 271 2
111 128 4
111 538 3
111 259 9
111 763 10
111 199 3
111 809 1
111 770 5
111 891 2
111 667 8
111 862 5
111 198 3
111 664 5
111 518 6
112 113 9
112 223 1
112 388 6
112 159 1
112 121 8
112 278 9
112 698 1
113 114 8
113 766 8
113 986 8
113 398 10
113 308 5
113 923 4
113 408 3
113 159 9
113 241 10
113 697 3
113 740 1
114 115 8
114 699 9
114 889 3
114 582 1
114 349 1
114 816 2
114 740 3
114 968 8
114 164 9
114 506 1
115 116 2
115 540 3
115 251 1
115 537 8
115 803 7
115 873 1
115 710 8
115 931 3
115 707 7
115 639 2
115 653 5
115 989 4
116 117 10
116 920 2
116 527 7
116 626 10
116 781 8
116 270 4
116 928 7
116 297 8
116 796 3
116 198 8
116 214 5
116 837 4
116 910 2
117 118 1
117 263 5
117 844 3
117 403 8
117 302 6
117 186 1
117 156 2
117 211 6
117 150 1
118 119 7
118 120 6
118 299 8
118 281 8
118 934 3
118 234 7
118 707 6
118 736 2
118 660 10
119 120 6
119 384 2
119 440 1
119 290 3
119 204 2
119 212 3
119 453 6
119 884 3
119 193 6
119 451 6
120 121 10
120 389 5
120 255 4
120 663 2
120 751 6
121 122 5
121 304 9
121 381 1
121 351 4
121 269 3
121 553 8
121 297 4
121 491 2
121 466 6
121 437 4
121 217 5
121 605 9
121 125 5
121 394 3
121 486 10
121 537 1
122 123 1
122 820 7
122 509 1
122 906 5
122 269 7
122 789 5
122 810 4
122 865 7
122 930 2
122 148 5
123 124 2
123 839 9
123 429 8
123 502 10
123 798 9
123 166 10
123 701 7
123 856 10
123 687 5
123 148 3
123 756 1
124 125 4
124 137 1
124 484 10
124 911 4
124 821 9
124 637 9
124 136 9
124 530 10
124 714 4
125 126 10
125 169 8
125 385 8
125 382 8
125 135 6
125 367 7
126 127 10
126 502 1
126 917 8
126 169 1
126 484 2
126 175 2
126 148 1
126 181 8
126 569 3
126 497 10
126 277 9
127 128 1
127 797 5
127 675 7
127 646 5
127 225 4
127 925 8
127 386 1
127 759 2
128 129 5
128 874 4
128 628 4
128 343 3
128 222 3
128 541 1
128 989 6
128 129 9
128 716 8
128 159 5
129 130 10
129 198 4
129 647 2
129 782 9
129 289 6
129 456 3
129 226 4
129 485 5
129 954 1
129 132 10
129 131 8
129 210 3
129 349 8
130 131 1
130 312 1
130 718 10
130 642 5
130 396 10
130 327 7
130 766 9
130 542 9
130 906 1
130 661 1
130 771 4
130 167 4
130 609 10
131 132 3
131 895 2
131 457 3
131 663 3
131 810 4
131 443 10
132 133 8
132 759 2
132 762 7
132 238 7
132 349 1
132 310 4
132 682 7
132 753 7
132 675 5
132 508 9
132 365 7
133 134 9
133 713 8
133 575 4
133 778 10
133 813 6
133 559 1
133 666 9
134 135 8
134 724 4
134 346 3
134 435 7
134 338 2
134 972 5
134 522 10
134 243 2
135 136 5
135 661 7
135 480 2
135 766 5
135 503 5
135 390 2
135 436 2
135 864 1
135 438 8
135 614 8
135 577 6
135 922 2
136 137 3
136 182 6
136 806 6
136 239 10
136 468 7
136 531 2
136 901 7
136 360 5
136 494 5
137 138 10
137 408 6
137 613 9
137 652 10
137 262 5
137 149 2
137 422 6
137 755 1
137 236 10
137 950 6
137 291 10
137 166 6
137 659 2
138 139 7
138 907 7
138 448 1
138 565 9
138 527 3
138 878 10
138 817 3
139 140 8
139 447 6
139 339 7
139 938 10
139 904 7
139 608 4
139 647 6
139 169 5
139 872 8
139 368 3
139 557 1
139 344 1
139 385 6
139 156 3
139 741 10
139 642 2
140 141 2
140 252 10
140 346 6
140 798 7
140 671 5
140 957 1
140 593 8
140 885 1
140 664 8
140 591 2
140 621 6
140 997 5
140 405 7
141 142 8
141 730 7
141 413 6
141 963 4
141 681 8
141 260 8
141 653 4
141 815 9
141 735 9
141 314 8
141 415 1
142 143 6
142 791 5
142 998 10
142 250 6
142 978 4
142 917 7
143 144 7
143 632 6
143 659 5
143 600 3
143 506 7
143 266 7
143 855 8
143 299 2
143 329 2
143 966 4
143 489 1
143 342 3
143 873 6
144 145 6
144 244 1
144 920 7
144 858 7
144 531 9
144 762 8
144 274 6
144 899 6
144 179 9
145 146 6
145 722 4
145 310 3
145 893 9
145 452 4
145 147 4
145 435 5
145 984 4
145 468 7
145 857 10
145 428 4
145 482 5
145 269 2
145 974 10
146 147 2
146 534 10
146 220 7
146 931 5
146 897 4
146 930 10
146 220 8
147 148 3
147 918 7
147 781 10
147 779 5
147 335 5
147 723 8
147 640 3
147 932 9
147 441 3
147 703 10
147 221 5
147 293 4
147 916 5
147 498 3
148 149 6
148 182 10
148 984 5
148 947 6
148 462 6
148 697 6
148 436 2
148 363 4
149 150 7
149 214 3
149 878 6
149 969 3
149 477 8
149 938 1
149 967 4
149 418 10
149 883 6
149 833 3
149 912 9
149 274 1
150 151 8
150 208 3
150 631 5
150 525 3
150 623 2
150 783 1
150 297 3
150 774 2
150 773 5
150 892 2
150 898 2
151 152 5
151 732 10
151 572 4
151 741 8
151 898 5
151 686 5
151 195 3
151 791 8
151 325 3
152 153 7
152 460 7
152 399 4
152 999 9
152 898 6
152 453 3
152 893 2
152 969 5
153 154 9
153 683 4
153 837 5
153 937 3
153 161 6
153 910 7
153 707 7
153 792 10
153 918 1
153 468 2
153 301 2
153 172 4
154 155 1
154 161 7
154 364 9
154 919 5
154 337 7
154 624 3
154 446 5
154 576 6
154 334 5
154 270 9
154 761 5
155 156 8
155 505 7
155 953 4
155 927 9
155 275 2
155 297 4
156 157 2
156 468 3
156 622 10
156 357 6
156 208 7
156 277 6
156 185 10
156 775 2
156 350 3
156 302 7
156 444 6
156 731 6
156 981 2
156 258 9
157 158 6
157 213 6
157 426 5
157 187 2
157 820 6
157 967 6
157 859 9
157 230 6
157 582 8
157 862 2
157 859 8
157 892 3
157 965 8
157 175 7
158 159 5
158 619 5
158 255 1
158 920 3
158 848 2
158 749 10
158 392 9
158 838 9
159 160 6
159 246 7
159 935 2
159 802 8
159 164 9
159 616 4
159 799 10
159 305 10
159 756 8
159 870 4
159 284 1
159 980 5
160 161 2
160 707 4
160 969 10
160 781 8
160 906 5
160 544 5
160 680 6
160 450 5
160 769 8
160 561 4
160 524 6
160 596 5
161 162 7
161 988 5
161 532 10
161 250 5
161 673 2
161 966 1
161 417 9
161 334 4
161 589 1
162 163 9
162 443 2
162 807 1
162 610 4
162 980 9
162 225 1
162 845 1
163 164 1
163 589 9
163 319 3
163 370 10
163 528 10
163 374 10
164 165 9
164 914 2
164 205 9
164 302 9
164 563 1
164 235 9
164 499 7
164 847 4
164 176 7
164 311 9
164 699 9
164 638 7
164 260 2
165 166 8
165 496 4
165 828 7
165 517 4
165 854 5
165 965 2
165 886 8
165 460 4
165 235 5
165 698 2
165 572 6
165 602 4
165 222 6
165 656 4
165 180 5
166 167 7
166 569 10
166 915 8
166 744 4
166 629 2
166 315 3
166 762 1
166 564 7
166 274 8
166 645 9
166 571 10
166 316 6
166 168 1
166 321 10
167 168 1
167 890 8
167 597 3
167 575 9
167 550 6
167 333 9
167 636 7
168 169 4
168 504 9
168 629 8
168 451 2
168 506 5
168 907 4
168 372 6
168 705 8
168 311 3
168 477 1
169 170 9
169 607 5
169 759 1
169 618 9
169 291 5
169 347 4
169 181 2
170 171 6
170 833 10
170 551 3
170 547 3
170 800 5
170 784 5
170 362 6
170 294 7
170 373 8
170 810 6
170 753 8
170 849 9
171 172 10
171 256 10
171 238 1
171 963 9
171 913 6
171 360 1
171 817 2
171 458 9
171 761 3
171 969 10
171 178 9
172 173 8
172 972 8
172 504 5
172 886 6
172 252 1
172 676 1
172 629 2
172 175 4
172 174 9
172 822 1
173 174 8
173 317 9
173 316 5
173 286 4
173 547 5
173 847 5
173 929 9
174 175 1
174 399 7
174 193 10
174 946 2
174 557 2
174 497 2
174 870 1
174 698 9
174 816 9
174 415 1
174 273 4
174 872 6
174 999 7
175 176 4
175 850 10
175 510 7
175 325 4
176 177 5
176 907 8
176 866 5
176 539 4
176 459 7
176 824 1
176 903 5
176 574 9
176 802 8
176 462 5
176 606 2
177 178 9
177 349 4
177 375 4
177 926 3
177 677 10
177 380 5
177 355 9
178 179 3
178 744 3
178 978 5
178 784 3
178 850 3
178 641 5
178 629 2
179 180 5
179 294 6
179 749 8
179 399 5
179 246 10
179 830 6
179 719 5
179 451 6
179 266 9
179 675 7
179 193 10
179 907 2
179 880 7
179 335 5
179 325 8
180 181 8
180 344 1
180 840 1
180 449 2
180 564 3
180 443 1
180 578 4
180 978 6
180 283 2
181 182 8
181 787 10
181 631 10
181 648 10
181 452 2
181 760 1
181 906 7
181 633 3
181 581 4
181 320 10
181 215 3
181 738 6
181 681 5
181 746 4
181 765 9
181 751 4
181 715 2
182 183 2
182 215 4
182 579 6
182 428 7
182 383 1
182 208 6
182 969 4
182 517 10
182 465 6
182 657 2
182 934 6
182 795 6
183 184 1
183 220 9
183 763 10
183 905 10
183 450 3
183 989 3
183 513 6
183 337 8
183 232 5
183 560 6
183 260 4
184 185 10
184 883 9
184 211 6
184 982 10
184 650 9
184 919 8
184 611 2
184 204 5
184 474 1
184 449 5
184 556 8
184 344 6
185 186 4
185 382 5
185 213 1
185 799 3
185 881 7
185 966 8
186 187 3
186 803 6
186 326 5
186 228 1
186 972 7
186 201 3
186 594 9
186 486 1
186 635 6
186 624 1
187 188 5
187 952 4
187 904 6
187 945 8
187 851 8
187 403 9
187 352 5
187 934 1
187 820 6
187 205 5
188 189 9
188 961 9
188 514 3
188 399 9
188 192 3
188 244 2
188 889 9
188 953 5
188 517 8
188 831 4
188 845 10
188 374 2
188 512 2
189 190 1
189 341 1
189 998 6
189 270 10
189 705 10
189 888 9
189 937 5
189 305 1
189 854 10
189 318 2
189 989 4
189 432 9
189 425 3
189 968 7
189 486 1
190 191 9
190 957 5
190 887 10
190 846 7
190 295 5
190 581 5
190 635 7
190 396 1
190 961 1
190 722 10
190 284 2
190 985 2
190 844 4
190 628 2
190 556 6
191 192 7
191 633 8
191 566 6
191 648 1
191 801 2
191 465 1
191 521 4
191 604 4
191 737 6
192 193 2
192 972 10
192 661 2
192 263 5
192 836 10
192 284 5
192 874 4
192 370 1
192 847 10
193 194 4
193 959 7
193 962 8
193 877 8
193 742 5
193 777 8
193 845 1
193 845 10
193 575 7
193 635 3
194 195 2
194 775 3
194 731 8
194 493 8
194 543 8
194 898 6
194 259 3
194 327 3
195 196 8
195 215 8
195 214 1
195 524 6
195 996 5
195 937 6
195 411 2
196 197 2
196 891 1
196 346 7
196 722 5
196 997 9
196 765 9
197 198 3
197 313 6
197 736 4
197 429 1
197 831 9
197 308 2
197 818 1
197 977 9
197 815 3
197 685 4
197 885 6
197 738 5
197 374 3
197 256 10
197 639 7
197 491 7
197 722 7
198 199 8
198 316 3
198 537 6
198 983 3
198 980 7
198 500 4
198 585 2
198 819 5
198 996 2
198 516 9
198 626 3
198 689 6
198 586 4
198 916 6
198 857 3
199 200 5
199 205 10
199 345 4
199 628 10
199 374 3
199 522 5
199 517 8
199 329 7
200 201 9
200 393 2
200 411 6
200 224 2
200 854 7
200 359 4
200 329 4
200 451 6
200 616 5
200 797 8
200 753 3
200 454 3
201 202 5
201 852 9
201 670 2
201 312 1
201 252 8
201 691 2
201 647 1
201 903 5
201 211 5
201 621 9
202 203 7
202 613 6
202 493 3
202 289 9
202 305 9
203 204 8
203 820 9
203 794 10
203 716 8
203 969 6
203 290 7
203 275 7
203 909 9
203 785 3
203 299 2
203 972 1
203 246 1
203 450 10
203 657 4
203 328 4
203 409 3
204 205 8
204 330 3
204 811 9
204 953 6
204 474 9
204 906 6
204 629 7
204 299 6
204 513 5
204 808 1
204 982 10
204 848 7
204 826 3
204 471 5
205 206 4
205 348 4
205 403 5
205 861 4
205 547 4
205 693 8
205 382 5
205 538 8
205 336 10
206 207 8
206 758 5
206 340 6
206 370 5
206 214 3
206 362 7
206 966 3
206 423 3
206 283 2
206 224 5
207 208 9
207 843 8
207 551 3
207 453 10
207 350 8
207 310 5
207 358 5
207 672 4
207 509 9
207 526 9
207 504 5
207 520 4
208 209 3
208 980 9
208 768 9
208 499 3
208 354 6
208 281 5
208 804 7
208 243 3
208 349 9
208 943 9
208 536 9
208 750 5
208 915 10
208 960 8
209 210 7
209 610 2
209 867 1
209 316 8
209 770 6
209 250 10
209 688 7
209 431 4
209 333 9
209 397 3
209 763 7
210 211 4
210 496 2
210 753 4
210 405 7
210 599 3
210 916 2
210 823 6
210 900 8
210 592 3
211 212 10
211 280 2
211 358 5
211 880 3
211 441 3
211 527 3
211 796 10
211 287 10
211 669 3
211 610 6
211 622 2
212 213 9
212 787 6
212 523 8
212 437 4
212 714 10
212 978 9
212 374 2
213 214 3
213 554 5
213 805 6
213 818 9
213 941 3
213 629 7
213 449 10
213 219 6
214 215 2
214 970 10
214 470 2
214 994 3
214 854 5
214 664 8
214 786 9
214 549 4
214 286 9
214 755 9
214 576 4
215 216 5
215 902 4
215 386 7
215 814 7
215 445 1
215 573 9
215 341 6
215 486 2
215 267 2
215 619 5
215 763 6
215 273 2
216 217 7
216 925 10
216 968 1
216 639 9
216 370 3
216 751 1
216 828 1
216 240 7
216 330 10
216 291 3
216 597 1
217 218 6
217 815 1
217 510 8
217 231 4
217 372 7
217 373 9
217 389 4
217 457 6
217 245 5
218 219 9
218 314 9
218 695 10
218 456 2
218 964 6
218 954 1
219 220 5
219 604 9
219 676 2
219 635 7
219 326 5
219 722 6
219 335 10
219 715 7
219 821 5
220 221 1
220 818 6
220 481 8
220 966 8
220 898 8
220 882 4
220 287 7
220 666 3
220 680 7
220 296 3
220 272 8
221 222 5
221 759 5
221 846 8
221 953 1
221 595 2
221 315 10
221 850 7
221 718 5
221 533 1
221 642 3
221 499 3
221 852 8
222 223 5
222 995 1
222 825 8
222 955 4
222 512 10
222 876 6
222 952 4
222 526 3
222 929 6
223 224 10
223 382 9
223 371 2
223 537 7
223 990 4
223 577 2
223 660 5
223 545 6
223 682 2
223 401 9
223 388 6
223 346 1
223 294 5
223 267 3
224 225 10
224 724 4
224 493 3
224 342 1
224 257 8
224 340 5
224 463 3
224 704 3
224 789 9
224 390 7
224 946 6
224 451 5
224 359 3
225 226 8
225 495 2
225 324 3
225 558 5
225 977 5
225 674 3
225 878 5
225 365 10
225 620 3
226 227 3
226 683 6
226 881 10
226 858 5
226 847 2
226 419 9
226 813 3
226 292 10
227 228 8
227 670 5
227 359 3
227 572 7
227 683 8
227 427 2
228 229 9
228 757 1
228 494 2
228 694 9
228 453 4
228 557 4
229 230 8
229 559 4
229 251 1
229 728 5
229 526 5
229 403 5
229 821 1
229 874 6
229 571 7
229 444 7
229 817 9
230 231 6
230 535 5
230 781 5
230 254 10
230 896 6
230 644 8
230 906 2
230 684 1
230 482 5
231 232 6
231 885 4
231 763 8
231 852 4
231 235 7
231 713 7
231 406 2
231 326 5
231 867 7
231 965 3
231 514 3
231 254 7
231 865 3
231 468 7
231 820 5
232 233 9
232 356 9
232 878 3
232 600 4
233 234 9
233 334 4
233 651 2
233 466 4
233 483 10
233 705 6
233 971 6
233 835 3
233 428 8
233 675 9
233 367 3
234 235 7
234 728 7
234 442 4
234 358 3
234 504 8
234 965 8
234 951 3
234 821 8
234 289 1
234 988 8
234 807 5
234 819 8
235 236 8
235 624 10
235 348 6
235 833 1
235 338 8
235 842 6
235 521 9
236 237 6
236 244 9
236 626 9
236 289 10
236 549 9
236 462 10
236 492 1
236 657 1
236 318 10
237 238 4
237 785 1
237 315 6
237 757 4
237 456 2
237 336 2
237 332 10
238 239 4
238 855 4
238 501 5
238 312 1
238 673 8
238 643 6
238 852 10
238 260 10
238 356 1
238 366 3
238 513 3
239 240 10
239 989 10
239 316 4
239 283 4
239 745 6
239 511 2
239 995 1
239 957 7
240 241 7
240 243 1
240 994 4
240 683 10
240 455 9
240 956 8
240 599 2
240 894 6
240 625 9
240 772 8
240 947 8
240 681 10
240 798 7
240 767 9
241 242 4
241 657 4
241 761 2
241 747 2
241 450 7
241 259 4
241 517 1
241 462 5
242 243 7
242 552 3
242 849 6
242 998 7
242 280 4
242 833 1
242 451 6
242 705 4
242 413 6
242 876 10
242 898 3
242 250 6
243 244 1
243 920 8
243 363 1
243 858 2
243 986 10
243 909 5
243 748 7
244 245 6
244 573 2
244 423 10
244 908 2
244 458 10
244 932 5
244 651 1
244 662 1
245 246 8
245 407 5
245 534 3
245 914 4
245 303 9
245 771 10
246 247 7
246 997 2
246 904 10
246 823 9
246 833 3
246 496 4
246 522 2
246 820 7
246 719 3
246 298 9
246 667 10
246 848 5
246 906 10
247 248 7
247 725 2
247 506 3
247 765 10
247 778 10
247 977 5
247 694 10
247 663 5
247 861 9
247 718 10
247 559 9
248 249 3
248 300 9
248 510 4
248 884 3
248 459 9
248 619 4
248 382 3
248 929 5
248 783 3
249 250 8
249 811 3
249 845 1
249 307 9
249 786 10
249 875 3
249 631 4
249 983 7
249 389 6
250 251 1
250 296 7
250 298 8
250 685 3
250 928 9
250 668 10
250 642 1
250 951 10
250 724 2
250 513 3
250 256 9
250 873 4
250 725 3
250 572 9
250 793 4
251 252 3
251 735 2
251 737 6
251 717 7
251 326 4
251 392 10
251 587 10
251 813 3
251 483 8
251 401 2
251 571 9
252 253 9
252 501 2
252 763 2
252 580 1
252 889 5
252 481 1
252 935 10
252 966 7
253 254 10
253 926 4
253 589 7
253 494 5
253 308 5
253 886 3
253 932 7
253 698 9
253 330 10
254 255 6
254 821 10
254 549 2
254 870 3
254 405 6
254 493 3
254 992 5
255 256 2
255 352 8
255 901 9
255 439 10
255 543 2
255 341 3
255 487 5
255 316 2
255 939 2
255 417 2
255 314 3
255 481 9
255 700 2
256 257 8
256 357 4
256 967 8
256 832 10
256 813 4
256 610 8
257 258 2
257 455 1
257 600 10
257 897 9
257 766 2
257 355 10
257 399 6
257 674 10
257 902 5
257 454 5
257 444 9
258 259 9
258 881 5
258 471 9
258 761 8
258 386 7
258 800 2
259 260 8
259 297 4
259 574 10
259 561 8
259 776 10
259 633 8
259 874 1
259 859 2
259 768 1
259 645 4
259 508 1
259 665 4
259 417 6
259 432 7
259 678 8
259 804 4
260 261 1
260 749 4
260 514 10
260 881 2
260 665 5
260 967 2
260 609 6
260 573 6
260 947 6
261 262 3
261 367 10
261 880 1
261 477 1
261 925 10
261 299 5
261 858 3
261 887 10
261 735 8
261 834 6
261 850 7
262 263 7
262 816 5
262 313 6
262 966 10
262 337 2
262 626 7
262 605 4
262 274 10
262 576 4
263 264 3
263 764 8
263 457 1
263 653 8
263 284 10
263 549 8
264 265 2
264 492 9
264 592 2
264 449 9
264 536 3
264 488 8
264 467 9
264 355 10
264 679 7
264 662 4
265 266 8
265 955 2
265 684 8
265 576 4
265 398 6
265 772 3
265 716 10
265 539 8
266 267 5
266 445 1
266 866 5
266 329 8
266 444 10
266 657 3
266 894 8
266 560 6
266 638 9
267 268 6
267 660 4
267 636 9
267 473 6
267 959 6
267 300 2
267 699 3
267 477 3
267 431 2
267 589 1
267 536 7
267 846 4
268 269 10
268 955 8
268 417 9
268 987 3
268 595 8
268 770 3
269 270 7
269 626 2
269 720 8
269 501 5
269 911 2
269 803 1
269 837 8
269 358 3
269 523 9
269 495 4
269 918 5
270 271 2
270 404 3
270 407 7
270 608 10
270 365 8
270 815 4
270 883 7
270 433 10
270 417 8
271 272 6
271 938 4
271 394 2
271 948 5
271 490 1
271 393 9
271 753 3
271 996 8
271 766 2
271 579 1
271 798 3
271 982 4
272 273 9
272 819 1
272 713 6
272 428 6
272 517 2
272 325 7
272 805 9
272 426 2
272 454 3
272 408 2
272 962 3
273 274 7
273 358 7
273 734 4
273 438 5
273 294 8
273 747 10
273 881 5
273 318 10
273 913 4
274 275 6
274 605 5
274 851 10
274 938 7
274 870 7
274 421 10
274 555 8
274 405 2
274 654 9
274 410 4
275 276 8
275 702 10
275 943 7
275 758 10
275 404 8
275 843 10
275 490 7
275 475 10
275 864 1
275 459 9
275 798 7
276 277 9
276 914 10
276 329 4
276 388 2
276 535 3
276 561 10
276 338 1
276 441 8
276 294 8
276 446 10
276 630 6
276 736 1
277 278 1
277 332 8
277 422 5
277 979 6
277 900 2
277 782 3
277 516 4
277 753 1
277 658 4
278 279 10
278 702 2
278 953 9
278 648 3
278 568 10
279 280 2
279 407 6
279 432 3
279 649 7
279 939 7
279 348 10
279 892 5
279 531 6
279 658 2
279 976 10
279 556 1
280 281 4
280 658 8
280 688 6
280 398 1
280 868 8
280 991 2
280 291 2
280 695 2
280 651 5
280 779 8
280 921 1
280 309 10
280 741 3
281 282 5
281 410 5
281 545 1
281 929 8
281 366 3
281 824 3
281 625 6
281 837 9
282 283 4
282 476 2
282 979 7
282 825 10
282 747 9
282 833 6
282 485 10
282 686 4
282 574 1
283 284 2
283 944 2
283 939 6
283 652 3
283 829 6
283 347 7
283 338 4
283 339 2
283 293 3
283 797 1
283 810 9
284 285 7
284 919 9
284 483 10
284 908 2
284 479 8
284 285 7
284 570 8
284 942 6
285 286 2
285 857 5
285 300 7
285 881 10
285 970 2
285 780 5
285 429 10
285 732 9
285 609 5
285 956 4
285 349 1
286 287 2
286 743 3
286 679 3
286 694 4
286 729 4
286 541 6
286 908 2
286 386 4
286 469 5
286 908 10
286 396 1
287 288 8
287 899 9
287 647 7
287 617 8
287 763 6
287 390 2
288 289 3
288 329 2
288 562 2
288 454 2
288 561 9
288 689 3
288 549 9
288 697 5
289 290 5
289 595 2
289 646 10
289 559 10
289 489 9
289 878 6
289 919 2
289 992 10
289 544 7
289 630 6
289 334 8
290 291 1
290 501 4
290 907 4
290 577 3
290 646 8
290 380 1
291 292 1
291 999 1
291 320 7
291 864 10
291 506 7
291 989 2
291 954 3
291 967 7
291 310 10
291 426 7
291 728 10
291 732 4
291 632 1
291 627 3
291 315 9
291 727 3
291 459 10
292 293 6
292 658 1
292 842 1
292 492 1
292 479 3
292 883 8
292 623 7
292 976 4
292 880 3
292 960 8
292 401 8
293 294 1
293 712 3
293 790 2
293 811 3
293 407 3
293 666 2
293 678 3
293 820 2
293 975 7
294 295 5
294 419 10
294 566 1
294 801 7
294 956 8
294 298 2
294 918 8
294 987 10
294 804 2
294 413 4
294 570 4
294 477 9
294 988 10
295 296 6
295 439 3
295 937 3
295 982 3
295 755 7
295 374 2
295 463 7
295 299 9
295 857 8
295 765 9
296 297 6
296 954 5
296 883 5
296 999 5
296 468 1
296 595 9
296 338 9
296 965 3
296 593 2
296 785 3
296 479 3
296 505 7
296 951 1
296 550 1
296 893 10
296 834 10
296 863 10
297 298 7
297 691 10
297 566 4
297 335 8
297 387 2
297 463 3
297 666 10
297 463 6
297 833 4
297 913 6
298 299 3
298 947 8
298 876 5
298 566 6
298 492 2
298 974 9
298 981 2
298 684 1
298 447 4
298 339 3
298 674 6
298 945 7
298 335 4
299 300 4
299 333 5
299 964 7
299 707 1
299 722 1
299 385 6
299 487 5
299 399 9
299 585 7
300 301 9
300 629 2
300 727 9
300 978 8
300 922 4
300 550 6
300 666 7
300 970 7
300 497 1
300 945 10
300 435 3
301 302 7
301 979 10
301 761 3
301 650 2
301 857 8
301 929 1
301 885 7
301 799 1
301 994 5
301 446 7
301 824 1
301 391 3
302 303 10
302 964 1
302 568 7
302 648 10
302 415 2
302 568 8
302 758 6
302 426 4
302 686 1
302 453 5
303 304 3
303 578 9
303 424 7
303 919 7
303 329 1
303 618 5
303 773 2
304 305 3
304 769 2
304 338 8
304 548 2
304 892 7
304 520 3
304 503 9
304 810 6
304 956 1
304 870 5
304 967 10
304 939 10
305 306 3
305 887 10
305 780 9
305 603 8
305 705 2
305 891 3
305 668 2
305 768 7
305 316 3
305 433 9
305 549 8
305 926 6
305 477 3
305 693 10
305 644 5
305 499 5
306 307 2
306 793 1
306 802 2
306 387 7
306 316 7
306 890 5
306 598 10
306 735 6
306 640 10
306 982 3
306 801 5
306 894 4
306 547 2
306 848 9
306 575 6
306 524 8
307 308 10
307 455 8
307 390 1
307 761 6
307 535 4
307 826 9
307 460 3
307 355 9
307 349 4
307 946 7
307 711 3
307 659 7
307 979 1
307 892 8
307 864 2
308 309 7
308 583 8
308 433 1
308 783 3
308 922 8
308 650 9
308 952 5
308 448 5
308 633 5
308 541 10
309 310 10
309 906 10
309 591 4
309 624 9
309 590 8
309 822 2
309 699 4
309 455 5
309 497 4
309 551 7
309 763 1
310 311 4
310 321 1
310 764 5
310 947 10
310 809 5
310 462 10
310 373 4
310 478 7
310 414 9
310 873 5
310 766 7
310 451 6
310 859 10
310 970 4
310 602 9
310 492 6
310 906 5
311 312 8
311 892 3
311 817 9
311 893 7
311 655 8
311 376 8
312 313 10
312 432 3
312 528 6
312 773 8
312 654 8
312 696 5
312 827 9
312 424 1
312 704 9
313 314 3
313 770 10
313 778 5
313 962 4
313 546 7
313 319 7
313 727 6
313 823 5
313 630 9
314 315 4
314 478 7
314 732 3
314 739 4
314 397 3
314 477 10
314 828 5
314 382 6
314 578 2
314 452 6
315 316 8
315 731 2
315 341 7
315 774 7
315 973 4
315 947 9
316 317 5
316 496 8
316 551 4
316 512 1
316 461 6
316 872 9
316 507 6
316 509 1
316 418 3
317 318 8
317 765 4
317 673 8
317 653 3
317 897 8
317 654 2
317 372 7
317 869 5
317 492 10
317 448 2
318 319 5
318 606 8
318 382 10
318 599 9
318 806 8
318 855 2
318 937 2
318 729 3
319 320 1
319 671 8
319 947 1
319 718 8
319 489 4
319 750 2
319 838 7
319 491 7
319 787 5
320 321 8
320 744 1
320 441 4
320 970 1
320 767 3
320 880 4
320 652 4
320 582 3
320 506 2
321 322 5
321 750 3
321 738 2
321 684 4
321 646 5
321 938 5
321 923 8
321 495 5
321 680 10
321 387 8
321 442 2
321 429 10
321 710 8
321 337 1
322 323 9
322 784 10
322 756 6
322 597 2
322 758 3
323 324 3
323 508 2
323 341 7
323 827 3
323 890 2
323 768 7
323 747 4
323 334 10
323 475 9
323 610 7
323 420 4
324 325 2
324 816 6
324 694 2
324 896 6
324 913 3
324 716 5
324 604 7
324 675 10
324 679 7
324 367 9
324 868 2
324 638 2
324 550 3
324 501 1
325 326 8
325 789 5
325 823 8
325 943 10
325 939 7
325 724 3
325 669 3
325 520 9
325 931 1
325 862 1
325 486 4
326 327 6
326 918 10
326 395 5
326 392 4
326 881 9
326 509 3
326 458 10
326 929 6
326 772 9
326 501 3
327 328 10
327 473 7
327 479 7
327 699 2
327 871 8
327 881 6
327 658 7
327 595 3
327 877 10
328 329 5
328 621 1
328 575 6
328 348 3
328 690 5
328 439 8
328 778 3
328 358 1
328 467 8
328 441 8
328 898 9
328 790 9
328 595 7
329 330 7
329 619 7
329 727 5
329 517 8
329 908 10
329 802 8
329 767 7
329 469 5
329 582 9
329 413 9
329 351 8
330 331 5
330 470 3
330 654 5
330 917 2
330 387 2
330 883 6
330 648 9
331 332 8
331 338 2
331 926 1
331 569 4
331 492 4
331 911 10
331 911 3
331 484 1
331 790 4
331 576 5
332 333 5
332 713 7
332 456 10
332 979 7
332 742 9
332 418 9
332 391 1
332 957 4
332 756 3
332 745 8
332 508 3
333 334 4
333 704 10
333 903 2
333 902 2
333 905 9
333 825 10
333 950 6
333 479 10
333 520 3
333 998 9
334 335 7
334 735 10
334 810 8
334 940 7
334 716 1
334 601 7
334 650 8
334 626 6
334 942 7
334 887 6
334 781 5
334 518 5
334 510 2
334 552 6
335 336 8
335 963 6
335 424 7
335 842 1
335 841 2
335 477 4
335 658 4
335 768 6
335 507 5
335 700 10
335 903 7
335 499 2
335 684 10
335 717 10
335 733 7
335 883 2
336 337 2
336 703 8
336 968 5
336 919 8
336 891 7
336 856 8
336 810 10
336 987 4
336 987 10
337 338 4
337 797 9
337 877 7
337 936 7
337 470 10
337 995 2
337 801 3
337 776 5
337 832 5
338 339 7
338 822 2
338 419 8
338 912 7
338 816 3
338 421 3
338 577 10
338 441 1
338 574 5
338 436 2
338 803 7
338 749 10
339 340 10
339 733 3
339 419 4
339 709 6
339 830 3
339 757 9
339 763 4
339 369 8
339 431 2
339 432 6
339 360 1
339 658 1
340 341 6
340 976 7
340 543 9
340 581 8
340 488 2
340 858 5
340 903 3
340 422 1
341 342 10
341 652 7
341 396 8
341 545 5
341 702 10
341 744 6
341 698 4
341 578 8
342 343 5
342 783 10
342 587 9
342 484 2
342 742 3
342 426 10
342 654 2
342 369 1
342 867 10
342 678 1
342 919 9
342 891 5
343 344 5
343 620 5
343 362 10
343 793 1
343 866 6
343 392 7
344 345 1
344 447 3
344 508 10
344 543 9
344 995 2
345 346 7
345 906 10
345 530 6
345 519 1
345 778 8
345 362 2
345 840 7
345 998 5
345 536 5
345 910 3
345 548 1
345 985 5
345 348 2
345 559 9
345 501 7
345 565 3
346 347 5
346 462 8
346 552 10
346 602 9
346 526 5
346 496 4
347 348 1
347 405 6
347 589 10
347 915 4
347 578 7
347 999 1
347 812 9
347 885 9
347 380 8
347 824 8
348 349 10
348 515 2
348 712 1
348 999 3
348 676 6
348 940 6
348 946 8
348 591 10
348 841 1
348 899 1
348 499 1
349 350 1
349 824 4
349 565 8
349 631 9
349 849 9
349 606 3
349 732 3
349 541 4
349 794 9
350 351 10
350 525 7
350 852 6
350 866 9
350 581 5
350 584 7
351 352 8
351 726 3
351 660 8
351 707 8
351 870 3
351 894 10
351 644 6
351 685 4
352 353 5
352 418 9
352 932 9
352 520 5
352 760 3
352 373 7
352 646 8
352 504 6
352 700 2
352 414 10
352 492 7
352 487 10
352 962 4
352 483 6
353 354 4
353 379 8
353 719 7
353 898 9
353 997 1
353 421 1
353 764 2
354 355 10
354 886 5
354 807 5
354 364 6
354 957 7
354 924 6
354 867 2
354 933 1
355 356 6
355 683 3
355 716 6
355 786 8
355 660 7
355 763 3
355 651 4
355 856 10
355 806 8
355 655 3
355 781 4
356 357 4
356 712 5
356 801 7
356 785 1
356 795 8
356 757 7
356 571 4
356 591 5
356 486 1
356 889 3
357 358 4
357 584 4
357 955 1
357 427 1
357 835 8
357 893 8
357 573 6
357 913 2
357 482 4
358 359 10
358 621 2
358 962 10
358 990 8
358 932 4
358 921 6
358 931 4
358 832 4
358 835 7
358 531 6
358 394 8
358 868 3
359 360 5
359 919 7
359 584 5
359 675 8
359 417 4
359 835 7
359 480 6
359 705 8
359 443 6
359 391 5
359 476 2
360 361 3
360 829 10
360 508 1
360 525 9
360 768 1
360 361 1
360 937 6
360 726 10
360 559 6
360 968 7
361 362 2
361 653 8
361 688 8
361 744 2
361 933 4
361 470 2
361 682 7
361 988 5
361 961 2
361 899 2
361 684 4
362 363 1
362 633 10
362 495 10
362 800 8
362 983 10
362 472 8
363 364 5
363 592 5
363 696 9
363 595 3
363 624 10
363 948 7
363 683 9
363 956 6
363 888 9
363 598 2
364 365 8
364 852 10
364 850 3
364 573 1
365 366 1
365 497 4
365 460 6
365 533 1
365 697 3
365 655 7
365 848 4
366 367 10
366 965 4
366 441 6
366 881 2
366 504 5
366 836 7
366 763 3
366 397 9
366 879 9
366 691 7
366 427 8
366 858 6
366 542 4
367 368 6
367 452 5
367 652 3
367 720 6
367 889 5
367 722 4
367 498 2
367 900 2
367 704 1
368 369 3
368 613 1
368 832 8
368 405 2
368 408 9
368 580 2
369 370 2
369 937 10
369 627 4
369 694 3
369 670 4
369 738 9
369 423 4
369 687 2
369 769 7
369 615 7
369 517 2
370 371 5
370 763 10
370 480 3
370 960 2
370 373 4
370 452 6
370 426 1
370 645 1
370 768 2
370 741 1
370 697 5
371 372 6
371 938 5
371 382 2
371 924 4
371 794 7
371 658 3
371 687 10
372 373 7
372 765 3
372 887 1
372 819 4
372 930 3
372 666 7
372 782 9
372 406 7
372 718 6
372 847 9
372 433 8
373 374 3
373 490 10
373 486 3
373 423 4
373 376 7
373 918 4
373 384 8
374 375 4
374 934 3
374 922 6
374 519 4
374 594 7
375 376 3
375 783 6
375 840 1
375 410 1
375 555 9
375 900 10
375 427 10
375 900 7
375 816 1
375 642 8
375 682 7
376 377 9
376 603 4
376 563 7
376 388 2
376 682 2
376 731 3
377 378 6
377 856 9
377 717 2
377 766 2
377 386 9
377 908 1
377 456 2
377 422 2
377 529 8
377 748 6
377 623 3
377 919 7
377 625 9
377 956 10
377 431 5
377 811 5
377 520 2
377 940 8
377 464 8
378 379 9
378 774 6
378 975 8
378 917 7
378 500 10
378 587 5
378 867 10
378 408 10
378 690 5
378 957 8
378 806 4
378 663 7
378 429 6
378 753 1
378 964 9
378 857 7
379 380 9
379 461 10
379 753 4
379 828 3
379 479 1
379 985 7
379 957 8
379 724 8
379 828 3
380 381 5
380 835 2
380 703 8
380 855 1
380 843 5
380 436 2
380 805 3
380 792 1
380 405 8
381 382 3
381 504 9
381 882 10
381 732 3
381 735 8
381 878 7
381 866 6
381 617 10
381 897 5
381 993 4
382 383 5
382 730 9
382 808 9
382 798 8
382 527 9
382 788 10
382 576 7
382 399 10
382 831 1
382 463 8
383 384 8
383 775 8
383 526 10
383 628 4
383 894 5
383 690 6
383 546 2
383 455 3
383 698 4
383 907 7
383 597 5
383 635 7
383 419 9
384 385 5
384 847 2
384 646 9
384 932 3
384 964 3
384 610 2
384 508 1
384 960 10
384 917 5
384 547 10
384 445 2
384 916 7
384 691 6
384 933 8
384 427 9
384 565 7
384 408 4
385 386 6
385 707 3
385 673 7
385 773 6
385 547 1
385 869 10
385 611 4
385 510 4
385 778 9
385 557 8
385 763 7
385 640 5
386 387 2
386 952 8
386 971 7
386 707 2
386 558 8
386 514 5
386 614 7
386 413 7
386 515 4
386 523 10
386 781 8
386 740 6
386 702 7
386 532 3
386 648 5
387 388 8
387 702 5
387 782 3
387 395 3
387 742 6
388 389 2
388 983 2
388 578 1
388 502 6
388 877 3
388 734 4
388 869 1
388 504 4
388 562 2
388 506 1
388 837 2
388 686 4
388 449 1
389 390 3
389 547 7
389 489 7
389 807 9
389 546 5
389 873 10
390 391 4
390 539 1
390 507 7
390 471 1
390 700 7
390 742 7
390 508 4
390 471 2
390 652 2
390 876 3
390 394 10
390 411 8
390 797 5
390 456 3
390 438 5
391 392 7
391 528 3
391 617 4
391 726 3
391 417 3
391 775 3
391 916 2
391 959 4
392 393 9
392 890 10
392 767 8
392 821 9
392 987 7
392 418 2
393 394 6
393 581 10
393 895 5
393 889 7
393 969 7
393 415 2
393 701 2
393 901 1
393 578 7
393 707 1
393 545 10
393 796 8
393 975 3
394 395 2
394 848 4
394 735 9
394 685 8
394 512 5
394 974 3
394 545 6
394 554 9
394 587 6
394 532 7
394 520 5
394 798 9
394 492 1
395 396 7
395 511 4
395 844 7
395 505 8
395 977 3
395 996 10
395 868 7
395 910 7
396 397 1
396 979 7
396 586 6
396 823 6
396 925 1
396 931 2
396 889 1
396 857 4
396 725 9
396 506 4
396 717 2
396 726 6
396 711 3
397 398 5
397 484 9
397 826 10
397 878 8
397 675 6
397 738 1
397 919 6
397 871 2
397 692 9
397 434 5
397 946 1
397 868 1
397 624 2
398 399 9
398 642 9
398 718 6
398 463 9
398 610 3
398 590 8
398 715 5
399 400 2
399 715 8
399 925 2
399 766 2
399 934 7
400 401 8
400 875 10
400 982 1
400 561 2
400 564 7
400 599 4
400 570 8
400 861 10
400 747 3
401 402 6
401 518 6
401 630 10
401 590 9
401 804 2
401 596 6
402 403 5
402 944 3
402 563 1
402 826 6
402 585 8
402 708 8
402 547 8
402 749 3
402 777 1
402 874 10
402 771 8
402 760 5
402 898 5
402 446 3
403 404 10
403 582 8
403 729 7
403 894 2
403 603 8
403 786 10
403 503 3
403 626 5
403 950 2
403 542 3
403 604 3
403 466 1
403 534 3
404 405 7
404 436 8
404 660 3
404 990 4
404 843 2
404 414 9
404 444 10
404 611 2
404 632 3
405 406 6
405 666 1
405 435 10
405 745 4
405 988 10
405 656 3
405 968 8
405 508 6
405 599 2
406 407 2
406 741 1
406 972 6
406 550 4
406 907 5
406 644 8
406 462 9
406 500 1
406 910 5
407 408 4
407 964 8
407 631 7
407 719 5
407 559 7
407 452 5
407 528 8
407 889 9
407 457 3
407 992 7
407 873 2
408 409 8
408 759 2
408 677 2
408 922 7
408 896 5
408 483 4
408 612 4
408 963 3
408 599 4
408 691 2
408 684 10
408 958 9
408 551 8
408 868 3
409 410 1
409 907 9
409 598 1
409 877 2
409 744 5
409 512 6
409 999 7
409 784 1
409 684 4
410 411 10
410 757 9
410 515 3
410 450 5
410 689 4
410 468 4
410 969 1
410 469 9
410 715 10
410 992 4
411 412 9
411 924 1
411 928 6
411 580 7
411 978 5
411 775 1
411 748 2
411 617 4
411 793 8
411 578 3
411 650 7
412 413 6
412 593 10
412 897 9
412 446 10
412 999 10
412 534 8
412 921 4
412 520 3
412 573 8
412 837 7
412 554 7
412 640 3
413 414 10
413 552 9
413 741 3
413 756 10
413 991 9
413 640 4
413 945 2
414 415 4
414 812 1
414 632 1
414 488 2
414 926 3
414 910 3
414 695 4
414 801 10
414 745 4
414 998 3
414 583 5
414 473 7
414 705 8
415 416 2
415 777 6
415 806 7
415 537 4
415 904 10
415 878 4
415 970 2
415 611 5
415 783 9
415 557 9
415 795 4
415 453 10
415 698 2
416 417 8
416 904 8
416 935 2
416 484 6
416 737 2
416 422 5
416 767 3
416 595 10
416 478 7
416 440 1
416 491 4
416 609 4
416 629 2
416 472 3
417 418 5
417 523 1
417 815 8
417 786 7
417 482 8
417 722 3
417 461 6
418 419 7
418 434 5
418 795 8
418 458 2
418 551 8
418 478 10
418 850 9
418 542 5
418 448 6
418 742 2
418 499 8
418 443 1
419 420 2
419 888 3
419 749 2
419 881 3
419 597 1
419 950 9
419 896 8
419 739 3
419 897 3
419 701 1
419 424 6
419 691 1
420 421 3
420 840 10
420 980 10
420 547 8
420 781 6
420 808 9
420 549 2
420 894 4
420 747 5
421 422 1
421 522 9
421 773 6
421 988 2
421 767 8
421 822 8
421 740 6
421 855 10
421 741 3
422 423 1
422 631 7
422 849 9
422 563 4
422 947 5
422 689 3
422 615 2
422 519 8
422 770 3
422 843 1
423 424 5
423 731 5
423 470 6
423 668 10
423 993 8
423 616 1
423 499 8
423 589 4
423 533 6
423 869 4
424 425 8
424 763 2
424 994 9
425 426 2
425 534 10
425 933 10
425 950 2
425 975 8
425 547 9
425 433 6
425 537 7
425 942 7
426 427 2
426 742 1
426 754 5
426 921 10
426 862 3
426 489 2
426 838 2
427 428 4
427 611 8
427 920 10
427 467 1
427 553 8
428 429 9
428 683 3
428 613 7
428 897 3
428 837 1
428 914 1
428 669 5
428 507 2
429 430 3
429 933 1
429 634 9
429 811 6
429 745 5
429 887 6
429 552 1
429 606 3
429 497 2
429 687 6
429 455 3
429 769 5
429 613 1
429 643 7
430 431 7
430 770 6
430 534 9
430 810 1
430 750 8
430 991 6
430 990 3
430 851 8
430 791 4
431 432 8
431 943 3
431 793 5
431 665 3
431 771 1
431 554 2
431 918 6
431 868 5
431 835 1
431 753 4
431 995 3
431 800 10
432 433 6
432 678 9
432 785 4
432 940 7
432 841 2
432 488 5
432 843 1
432 792 8
432 708 2
432 852 1
432 812 10
433 434 9
433 624 8
433 808 6
433 526 7
433 761 6
433 434 4
433 602 5
433 445 5
433 893 8
433 549 6
434 435 7
434 979 7
434 895 7
434 442 10
434 654 9
434 927 7
434 802 9
435 436 10
435 569 8
435 849 9
435 844 5
435 919 6
435 700 2
435 781 5
435 569 4
435 463 10
435 925 4
436 437 3
436 555 2
436 696 5
436 756 10
436 782 7
436 915 5
436 463 9
436 549 3
436 451 8
436 455 1
436 459 7
436 876 10
436 939 8
436 627 8
437 438 7
437 852 1
437 652 6
437 490 5
437 823 2
437 843 8
437 592 5
437 998 10
437 940 4
437 483 8
437 527 9
437 652 3
437 819 2
438 439 2
438 724 9
438 625 9
438 821 3
438 781 1
438 566 2
438 928 10
438 884 1
438 928 8
439 440 8
439 928 7
439 706 3
439 784 6
439 448 7
439 571 7
439 644 10
439 630 6
439 535 4
439 564 10
439 765 1
440 441 10
440 589 10
440 562 7
440 557 10
440 878 9
440 972 5
440 489 2
440 870 9
440 850 6
441 442 7
441 631 5
441 931 5
441 655 5
441 543 7
442 443 5
442 833 4
442 859 5
442 929 3
442 525 5
442 627 8
442 634 3
443 444 1
443 848 8
443 996 6
443 589 5
443 889 3
443 475 7
443 700 9
443 976 10
443 961 8
444 445 6
444 992 1
444 986 4
444 752 4
444 621 3
444 845 7
445 446 4
445 728 7
445 579 4
445 910 8
445 541 6
445 495 8
445 832 2
445 841 8
445 865 2
445 632 6
445 485 7
445 778 4
446 447 8
446 879 1
446 565 8
446 971 7
446 903 7
446 862 7
446 558 8
446 890 7
447 448 8
447 857 8
447 529 8
447 632 7
447 459 10
447 507 4
447 480 9
447 984 6
447 498 5
447 755 1
448 449 4
448 984 2
448 740 2
448 688 7
448 856 4
448 711 9
448 847 1
448 990 5
448 539 10
449 450 6
449 689 9
449 570 4
449 547 8
449 812 8
449 899 3
449 917 10
449 942 1
449 830 1
450 451 2
450 876 8
450 810 4
450 620 4
450 869 5
450 952 7
450 650 10
450 460 8
450 571 5
450 481 5
450 880 4
451 452 6
451 919 1
451 523 8
451 718 6
451 818 3
451 884 9
451 590 4
451 905 10
451 937 9
451 893 7
451 532 2
451 521 2
452 453 9
452 572 4
452 669 7
452 768 6
452 501 9
452 836 10
452 822 9
452 538 8
452 495 9
452 990 8
452 604 1
453 454 6
453 924 1
453 643 9
453 810 6
453 731 7
453 841 3
454 455 1
454 844 2
454 506 3
454 855 1
454 500 4
454 928 1
454 518 6
454 702 3
454 668 7
454 600 5
454 468 5
455 456 7
455 824 5
455 594 9
455 465 4
455 646 4
455 987 6
455 599 10
455 499 6
455 898 8
455 525 7
455 875 2
455 730 8
455 769 7
456 457 5
456 638 8
456 854 8
456 667 9
456 542 9
456 522 7
456 505 6
456 472 2
456 595 7
456 589 1
457 458 4
457 501 6
457 731 6
457 469 5
457 781 2
457 947 2
457 993 4
457 597 6
457 615 7
457 787 7
458 459 2
458 549 8
458 479 8
458 657 6
458 566 5
458 858 8
458 657 10
458 919 5
459 460 8
459 942 8
459 626 9
459 906 1
459 765 10
459 632 9
459 903 6
459 622 2
459 610 2
459 804 3
459 513 9
460 461 2
460 783 7
460 632 1
460 776 7
460 859 4
460 604 5
460 597 6
460 666 5
460 475 5
461 462 4
461 748 10
461 646 10
461 487 3
461 940 7
461 590 8
461 630 1
461 571 1
461 714 2
461 934 3
462 463 10
462 778 8
462 952 3
462 505 1
462 703 7
462 949 9
462 618 6
462 559 9
462 492 8
462 481 10
462 744 7
462 541 3
463 464 1
463 762 7
463 971 4
463 639 10
463 910 9
463 656 1
463 568 4
463 886 4
463 599 10
463 973 8
464 465 1
464 521 5
464 671 8
464 884 8
464 989 8
464 649 1
464 493 1
464 831 3
464 734 9
464 756 3
464 575 6
464 737 4
464 710 10
465 466 6
465 971 3
465 879 10
465 566 3
465 834 4
465 749 9
465 763 9
465 943 2
465 852 1
465 657 7
465 632 3
465 652 3
465 780 5
465 483 1
466 467 4
466 849 1
466 990 6
466 784 8
466 951 1
466 982 9
466 789 2
466 775 9
467 468 3
467 527 9
467 771 5
467 913 9
467 511 4
467 642 10
467 713 6
467 566 6
467 677 2
467 860 10
467 982 9
467 496 3
468 469 10
468 664 6
468 985 3
468 674 10
468 659 4
468 505 8
468 882 3
468 847 6
468 783 8
469 470 4
469 482 10
469 622 10
469 898 3
469 695 2
469 808 2
469 875 3
469 511 2
469 973 4
469 739 3
469 856 3
469 558 1
470 471 2
470 821 9
470 729 4
470 925 10
470 660 3
470 596 2
470 614 5
470 646 4
470 835 7
471 472 9
471 826 3
471 644 6
471 795 1
471 568 9
471 836 3
471 550 2
471 904 10
471 963 8
471 886 10
471 945 10
471 619 9
471 555 4
471 472 3
471 920 8
471 827 10
471 640 5
471 835 1
471 819 10
471 987 2
472 473 4
472 643 7
472 883 10
472 720 10
472 542 2
472 917 1
473 474 10
473 789 1
473 930 6
473 897 1
473 625 4
473 853 4
473 945 1
473 984 4
473 725 8
473 515 7
473 993 7
473 488 6
474 475 4
474 595 8
474 937 2
474 909 10
474 530 4
474 756 10
474 882 6
474 828 1
474 561 4
474 924 2
474 876 10
474 525 6
474 674 2
475 476 4
475 684 6
475 853 10
475 527 2
475 973 9
475 914 10
475 576 9
475 632 2
475 653 4
476 477 6
476 597 4
476 557 9
476 821 7
476 602 8
476 746 4
477 478 3
477 830 3
477 845 5
477 787 9
477 590 9
477 985 6
477 696 4
477 631 9
477 566 10
478 479 10
478 526 2
478 505 1
478 560 8
479 480 1
479 542 6
479 874 4
479 731 3
479 989 2
479 903 10
479 483 2
479 528 6
480 481 5
480 863 3
480 833 8
480 971 2
480 523 9
481 482 3
481 719 4
481 969 9
481 625 9
481 579 7
481 783 10
481 876 2
481 529 7
481 705 3
481 977 2
481 685 1
481 935 6
482 483 3
482 928 2
482 979 1
482 905 6
482 768 3
482 752 1
482 868 5
482 720 8
482 718 6
482 980 3
483 484 9
483 683 9
483 636 7
483 935 6
483 957 4
483 688 6
483 621 2
483 637 5
483 993 5
483 649 7
483 561 7
484 485 5
484 731 4
484 603 5
484 494 3
484 747 8
484 703 1
485 486 3
485 621 3
485 626 3
485 782 10
485 918 1
485 725 9
485 591 9
485 813 8
485 566 7
485 492 8
486 487 2
486 764 1
486 602 6
486 629 4
486 863 5
486 622 3
486 598 6
486 651 7
486 487 6
486 630 8
486 745 9
486 897 9
486 904 1
486 641 7
487 488 1
487 527 9
487 538 9
487 727 7
487 951 6
487 500 6
487 587 4
488 489 3
488 917 10
488 649 7
488 789 1
488 867 5
488 570 6
488 933 3
488 509 8
488 623 1
489 490 1
489 971 9
489 713 7
489 870 2
489 507 6
489 620 9
489 742 10
489 752 2
489 875 4
489 848 1
489 631 9
490 491 6
490 651 3
490 789 7
490 522 2
490 598 10
490 727 3
490 522 9
490 827 2
490 961 3
490 512 1
490 600 2
490 805 9
490 693 10
490 747 5
490 658 5
490 775 7
491 492 4
491 770 8
491 594 2
491 670 5
491 640 5
491 779 10
491 729 6
491 922 2
491 784 5
491 569 9
491 495 1
491 770 8
491 608 10
492 493 10
492 782 7
492 825 3
492 864 10
492 869 6
492 529 6
492 644 2
492 592 3
492 980 2
492 857 8
492 789 3
493 494 6
493 526 6
493 671 7
493 839 8
493 833 9
493 520 7
493 742 4
494 495 1
494 620 7
494 673 8
494 966 8
494 968 9
494 586 6
494 813 3
494 924 8
494 782 3
494 634 6
494 890 9
495 496 3
495 594 4
495 890 4
495 686 5
495 510 7
495 553 5
495 767 3
495 935 6
495 808 7
495 863 5
495 934 3
496 497 5
496 940 10
496 589 9
496 760 2
496 841 2
496 913 3
496 657 10
496 508 9
497 498 1
497 754 9
497 801 9
497 540 7
497 606 8
497 641 2
497 870 4
497 839 8
497 924 1
497 764 9
497 911 7
497 625 4
498 499 3
498 521 5
498 904 8
498 542 8
498 592 9
498 570 9
498 652 10
498 703 8
498 949 8
498 732 5
498 506 9
499 500 7
499 670 3
499 896 8
499 515 2
499 553 6
499 503 6
499 996 1
499 651 7
500 501 9
500 595 9
500 959 5
500 942 4
500 514 3
500 829 9
500 927 1
500 789 8
500 583 7
501 502 2
501 864 10
501 574 10
501 904 2
501 854 6
501 909 7
501 665 3
501 752 5
501 889 8
501 588 1
502 503 2
502 619 6
502 596 9
502 761 5
502 776 6
502 858 6
502 879 6
502 788 10
502 591 8
502 515 8
502 509 5
502 739 10
502 770 2
502 612 1
502 652 10
503 504 8
503 724 3
503 711 7
503 507 6
503 657 4
503 567 3
503 931 9
504 505 8
504 956 7
504 576 7
504 918 3
504 539 10
504 562 3
504 777 9
504 517 7
504 964 2
504 785 4
504 615 3
504 701 9
504 866 6
504 832 4
505 506 6
505 617 6
505 819 1
505 940 2
505 771 7
505 889 1
505 614 7
505 558 3
505 611 9
506 507 9
506 812 8
506 809 7
506 825 6
506 857 9
506 868 6
506 621 4
506 790 9
506 819 9
506 591 1
507 508 10
507 620 1
507 613 3
507 591 3
507 998 5
507 582 5
507 989 9
507 713 5
507 580 3
508 509 2
508 996 6
508 975 4
508 958 4
508 766 6
508 834 2
508 892 10
508 606 4
508 881 7
508 541 2
508 819 4
508 806 4
508 930 1
508 934 1
508 692 3
508 640 10
508 553 8
508 898 3
508 614 7
508 643 6
509 510 8
509 965 9
509 611 10
509 891 1
509 628 3
509 773 9
509 785 9
509 525 4
509 710 3
509 510 2
509 877 3
509 720 1
510 511 9
510 721 9
510 888 4
510 728 4
510 944 4
510 886 2
510 776 8
510 559 8
510 534 5
510 746 10
510 604 9
510 881 7
510 668 5
510 668 8
511 512 4
511 944 7
511 838 10
511 954 6
511 990 8
511 672 4
511 665 8
511 996 7
511 947 4
511 559 10
511 527 7
511 772 10
511 717 5
511 880 4
512 513 10
512 894 6
512 765 3
512 519 4
512 612 6
512 672 7
512 771 1
512 728 3
512 782 5
513 514 1
513 910 10
513 965 3
513 655 1
513 935 1
513 792 1
513 832 1
513 533 10
513 586 10
514 515 9
514 981 1
514 843 3
514 931 7
514 872 4
514 974 1
514 867 2
514 661 5
514 735 9
514 986 1
514 682 8
515 516 5
515 817 5
515 901 2
515 864 7
515 768 6
515 816 1
515 601 3
515 810 9
515 674 8
515 955 8
515 836 10
515 682 5
515 599 9
515 615 9
515 739 4
515 563 7
516 517 8
516 928 5
516 842 8
516 909 6
516 577 10
516 597 2
517 518 1
517 752 4
517 721 2
517 952 8
517 574 1
517 583 8
517 550 4
517 987 1
517 964 2
518 519 1
518 665 9
518 531 8
518 552 6
518 749 5
518 846 5
518 553 3
518 731 8
519 520 8
519 673 3
519 634 9
519 632 8
519 689 5
519 665 5
519 630 7
519 716 8
519 554 5
519 596 8
519 835 7
520 521 7
520 635 2
520 906 9
520 890 10
520 953 7
520 710 1
520 542 7
521 522 7
521 885 8
521 633 9
521 803 3
521 890 10
522 523 2
522 569 7
522 926 1
522 695 5
522 909 1
522 796 1
523 524 8
523 995 4
523 552 6
523 666 3
523 851 4
523 890 9
523 974 2
523 536 5
523 773 7
523 640 6
523 683 3
523 619 7
524 525 8
524 900 10
524 627 8
524 914 3
524 905 1
524 610 5
525 526 2
525 936 3
525 551 5
525 536 1
525 629 7
525 921 4
525 942 1
525 820 9
525 768 9
525 754 10
526 527 2
526 569 2
526 707 1
526 987 3
526 966 6
526 811 2
526 672 5
527 528 6
527 767 8
527 911 5
527 933 3
527 993 6
527 989 7
527 860 6
527 594 3
527 824 5
527 563 7
527 669 4
528 529 10
528 886 4
528 824 4
528 550 9
529 530 3
529 658 7
529 918 1
529 698 10
529 867 3
529 845 2
529 964 2
529 973 9
530 531 2
530 729 9
530 841 9
530 995 6
530 623 9
531 532 3
531 765 3
531 799 10
531 807 7
531 639 6
531 841 5
531 887 2
531 746 3
531 666 7
531 789 9
532 533 5
532 809 5
532 910 4
532 872 10
532 582 4
532 797 10
532 995 1
532 586 10
532 621 2
532 882 5
532 986 4
532 843 4
532 658 7
532 611 10
533 534 10
533 620 7
533 568 9
533 589 8
533 926 5
533 598 8
533 568 4
533 821 2
533 654 4
533 629 2
534 535 10
534 726 2
534 637 6
534 805 4
534 639 7
534 797 4
534 828 8
535 536 9
535 800 5
535 590 1
535 976 9
535 596 9
535 953 3
535 766 7
535 926 6
535 754 5
535 716 10
535 927 6
535 701 10
535 727 7
535 588 2
535 619 4
535 587 5
535 736 9
536 537 6
536 859 10
536 569 5
536 709 7
536 928 2
536 899 7
536 794 1
536 971 3
536 946 9
536 745 3
536 543 4
536 779 9
537 538 7
537 645 4
537 751 5
537 647 5
537 751 7
537 668 8
537 853 7
537 661 3
538 539 10
538 767 9
538 651 3
538 858 10
538 833 10
538 931 10
538 894 8
538 846 3
539 540 9
539 969 3
539 862 9
539 835 4
539 651 2
539 997 5
539 619 10
540 541 5
540 868 6
540 966 1
540 569 10
540 660 9
541 542 8
541 720 10
541 851 6
541 689 9
541 951 8
541 873 2
541 604 10
541 903 10
541 786 6
542 543 9
542 611 7
542 695 7
542 787 6
542 573 7
542 654 7
543 544 10
543 920 1
543 787 9
543 715 10
543 547 5
543 744 9
543 841 5
543 778 9
543 711 5
544 545 7
544 742 4
544 590 3
544 601 9
544 596 5
544 933 7
544 985 9
544 573 5
544 835 8
545 546 2
545 775 6
545 739 6
545 903 3
545 727 7
545 716 8
545 630 8
546 547 2
546 550 2
546 915 6
546 974 8
546 642 4
546 885 9
546 955 9
546 987 5
546 904 7
546 743 3
547 548 9
547 807 7
547 552 8
547 991 4
547 745 4
547 859 7
547 926 2
547 618 3
547 752 9
547 939 10
547 984 4
547 974 5
547 663 6
547 637 9
548 549 4
548 919 4
548 695 1
548 732 4
548 553 5
548 646 7
548 560 9
548 654 2
548 650 3
548 821 7
548 739 6
548 877 9
549 550 7
549 756 2
549 818 1
549 696 5
549 996 8
549 940 5
550 551 8
550 975 7
550 831 2
550 767 9
550 887 10
550 725 3
550 681 3
551 552 4
551 986 8
551 718 1
551 567 8
551 917 2
551 813 4
551 930 4
551 643 7
551 834 2
551 778 5
551 845 9
551 630 7
552 553 7
552 669 2
552 563 1
552 746 10
552 797 5
552 641 1
553 554 6
553 577 8
553 640 4
553 723 1
553 732 2
553 866 7
553 627 2
553 577 7
553 936 7
553 858 7
553 761 5
554 555 8
554 641 5
554 609 2
554 870 1
554 946 5
554 926 7
554 640 1
554 878 6
554 928 1
554 720 2
554 909 5
554 702 6
554 962 6
555 556 7
555 977 1
555 911 6
555 850 4
555 731 9
555 779 7
555 692 3
555 644 6
556 557 7
556 575 6
556 735 6
556 906 3
556 770 9
557 558 2
557 849 3
557 582 10
557 926 7
557 722 7
557 862 7
557 796 1
558 559 6
558 667 3
558 629 6
558 775 8
558 690 8
558 652 7
558 894 4
558 687 1
558 975 3
558 624 7
559 560 7
559 733 3
559 671 7
559 569 1
559 889 2
559 596 6
559 950 5
559 853 6
559 776 10
559 758 8
559 560 3
560 561 6
560 608 6
560 690 8
560 566 1
560 869 7
560 969 2
560 803 8
560 753 10
560 974 2
561 562 5
561 696 4
561 898 4
561 764 9
561 674 5
562 563 6
562 824 2
562 993 8
562 628 10
562 622 7
563 564 3
563 841 5
563 899 6
563 758 1
563 607 3
563 817 3
563 928 5
563 773 6
563 577 7
563 598 1
563 845 2
563 753 1
563 927 1
564 565 8
564 775 1
564 620 3
564 698 9
564 670 8
564 668 1
564 581 3
564 800 1
565 566 2
565 967 9
565 762 5
565 725 9
565 665 10
565 676 10
565 827 4
565 708 2
565 664 8
565 810 6
566 567 2
566 759 7
566 598 7
566 788 10
566 851 3
566 651 8
566 775 2
566 939 3
566 871 3
566 942 4
566 840 9
566 956 6
566 848 3
566 569 10
567 568 2
567 659 8
567 588 7
567 819 1
567 776 5
567 820 1
567 932 5
568 569 2
568 654 8
568 843 1
568 765 6
568 823 4
568 946 3
568 862 4
568 666 1
568 899 6
569 570 7
569 823 1
569 953 9
569 862 10
569 906 8
569 988 9
569 770 4
569 672 4
569 950 8
569 781 9
569 834 1
569 845 1
569 846 10
570 571 2
570 855 9
570 985 5
570 601 1
570 842 5
570 705 8
570 965 8
570 873 9
570 824 5
570 679 3
570 759 7
571 572 6
571 608 10
571 952 7
571 955 9
571 692 4
571 814 3
571 912 3
571 794 6
571 814 3
571 964 6
572 573 3
572 857 8
572 610 9
572 674 8
572 599 5
572 932 8
572 638 4
572 778 6
573 574 9
573 981 5
573 966 10
573 832 2
573 800 8
573 803 9
573 594 4
573 747 4
573 917 10
574 575 1
574 890 9
574 939 1
574 905 2
574 717 10
574 852 4
574 751 2
574 885 10
574 764 8
575 576 10
575 630 6
575 681 8
575 821 10
575 896 4
575 609 7
575 621 8
575 858 8
575 946 4
575 940 6
576 577 9
576 690 3
576 831 9
576 612 5
576 778 7
576 848 9
576 620 5
577 578 9
577 609 3
577 982 8
577 801 6
577 630 3
577 771 10
577 763 5
577 857 2
577 760 2
577 971 8
578 579 6
578 703 4
578 766 10
578 655 6
578 950 6
578 799 7
578 626 9
578 631 5
578 937 10
578 689 3
579 580 2
579 960 8
579 917 3
579 945 9
579 751 10
579 826 6
579 664 4
579 677 6
579 628 7
579 601 9
580 581 7
580 780 9
580 767 6
580 894 4
580 855 6
580 997 4
580 902 8
580 929 5
580 673 1
580 710 4
580 740 2
580 802 5
581 582 6
581 649 2
581 829 6
581 598 10
581 605 1
581 722 10
581 680 7
581 797 4
581 756 1
581 785 8
581 878 7
581 987 2
581 795 6
582 583 7
582 694 2
582 607 9
582 623 3
582 921 6
582 690 7
582 590 3
582 682 10
582 966 8
582 620 3
582 939 7
583 584 1
583 871 4
583 763 9
583 904 3
583 815 5
583 873 1
583 648 9
583 626 6
583 713 1
584 585 5
584 849 10
584 926 7
584 895 7
584 827 9
584 775 7
584 718 5
584 929 3
584 964 10
584 766 1
584 656 6
584 755 5
584 810 9
584 815 5
584 847 7
584 934 7
585 586 10
585 959 9
585 908 5
585 697 10
585 762 6
585 704 6
585 916 5
585 758 2
585 606 7
585 979 10
586 587 5
586 945 2
586 861 3
586 645 5
586 707 8
586 892 7
586 990 9
586 775 3
586 880 8
586 779 5
586 780 6
586 866 6
586 757 10
586 958 3
587 588 6
587 658 9
587 713 3
587 963 6
587 788 7
587 918 7
587 830 4
587 855 1
587 988 5
587 589 6
587 990 5
587 904 7
587 618 9
588 589 2
588 654 9
588 904 6
588 739 1
588 989 4
588 930 2
589 590 10
589 848 2
589 632 2
589 985 10
589 945 7
589 638 2
589 721 7
589 800 10
590 591 9
590 982 3
590 846 4
590 978 1
590 968 1
590 777 6
590 770 7
590 876 9
590 699 10
590 997 4
590 803 8
590 931 6
590 960 7
590 596 1
591 592 4
591 644 9
591 967 6
591 836 8
591 971 7
591 828 8
591 896 6
591 717 10
592 593 3
592 679 10
592 656 2
592 932 3
592 658 2
592 823 5
593 594 8
593 760 7
593 707 10
593 860 6
593 716 8
593 790 10
593 867 4
594 595 4
594 947 10
594 912 2
594 872 4
594 857 6
594 939 10
594 932 7
594 952 6
594 764 1
595 596 2
595 597 2
595 612 5
595 754 9
595 956 5
596 597 6
596 985 2
596 936 9
596 695 6
596 808 2
596 639 1
596 714 10
596 628 3
596 980 9
596 735 2
596 769 8
597 598 9
597 843 3
597 960 10
597 867 4
597 875 3
597 990 10
597 833 2
597 598 8
597 613 1
597 737 5
598 599 6
598 729 1
598 660 7
598 854 7
598 822 9
598 915 7
598 891 3
598 941 5
598 848 10
598 875 6
599 600 2
599 724 4
599 720 8
599 686 8
599 853 4
599 871 1
599 663 8
599 720 9
599 614 1
599 706 4
600 601 5
600 733 2
600 961 3
600 883 6
600 703 9
600 722 8
600 937 3
600 758 7
600 810 5
600 766 6
600 666 6
600 833 6
600 655 6
600 871 9
600 965 5
600 636 6
601 602 10
601 869 7
601 936 2
601 704 3
601 952 6
601 884 8
601 705 9
601 663 2
601 763 2
601 975 9
602 603 4
602 614 6
602 889 9
602 853 2
602 900 6
602 818 10
602 867 7
602 981 7
602 915 10
603 604 7
603 862 3
603 627 8
603 817 5
603 714 10
603 929 10
604 605 9
604 640 4
604 718 2
604 934 2
604 870 3
604 918 10
604 862 9
605 606 10
605 848 8
605 977 10
605 917 10
605 828 5
605 829 2
605 936 7
605 768 6
606 607 10
606 904 3
606 826 7
606 897 1
606 912 8
606 650 2
606 739 4
606 888 4
606 672 5
606 632 3
606 837 3
606 715 10
606 810 10
607 608 9
607 780 9
607 696 6
607 638 8
607 707 10
607 830 3
607 911 6
607 622 3
607 702 4
607 629 8
607 953 1
607 677 8
607 846 1
607 897 3
608 609 1
608 626 8
608 923 8
608 944 1
608 815 8
608 789 8
608 658 5
608 689 2
608 643 1
608 871 4
608 944 10
608 626 9
609 610 10
609 885 3
609 868 10
609 816 2
609 893 6
610 611 5
610 619 9
610 729 4
610 985 9
610 993 5
610 668 6
610 718 5
610 681 6
610 787 3
610 684 6
610 833 3
611 612 1
611 854 5
611 810 10
611 724 1
611 638 10
611 771 3
612 613 3
612 957 1
612 891 7
612 668 10
612 657 3
612 795 9
612 801 8
612 658 7
612 690 6
613 614 5
613 777 5
613 788 9
613 952 10
613 885 4
613 665 6
613 639 1
613 861 3
613 634 10
614 615 5
614 984 10
614 857 6
614 841 6
614 991 5
614 725 5
614 806 10
614 957 10
615 616 6
615 620 4
615 689 10
615 761 3
615 809 4
615 826 4
615 920 1
615 839 6
616 617 6
616 679 9
616 942 6
616 637 3
616 875 3
616 711 2
616 980 4
616 756 7
617 618 1
617 973 4
617 793 5
617 669 7
617 871 1
617 951 9
617 982 2
617 701 1
617 902 5
617 935 4
617 929 3
617 771 9
618 619 3
618 961 2
618 913 5
618 707 9
618 949 9
618 849 9
618 859 1
618 911 5
618 830 7
618 930 6
619 620 3
619 934 10
619 746 9
619 853 3
619 659 8
619 737 8
619 697 2
619 761 10
619 824 3
619 681 5
619 716 4
619 990 8
619 626 10
619 780 1
620 621 10
620 884 3
620 785 9
620 670 3
620 748 5
620 730 1
621 622 7
621 695 6
621 666 5
621 786 7
621 870 7
621 660 3
621 761 1
621 992 8
621 973 8
621 820 4
621 876 2
622 623 2
622 999 7
622 818 9
622 946 8
622 771 3
622 996 3
623 624 3
623 866 1
623 978 4
623 786 5
623 867 1
623 732 6
623 901 5
623 988 10
623 628 6
624 625 1
624 677 9
624 846 3
624 942 9
624 746 4
624 981 1
624 847 6
624 768 7
624 802 6
624 925 10
625 626 2
625 953 7
625 820 6
625 964 10
625 884 6
625 655 6
625 718 4
625 932 7
625 939 9
625 793 5
625 901 4
625 931 7
626 627 9
626 773 8
626 641 3
626 919 10
626 708 7
626 656 2
626 888 7
626 672 5
626 787 4
626 808 10
627 628 4
627 772 6
627 717 7
627 800 8
627 690 1
627 969 7
627 770 10
628 629 7
628 985 1
628 632 9
628 775 8
628 958 2
628 982 9
628 936 9
628 823 10
628 661 9
628 650 7
628 851 7
629 630 7
629 852 5
629 903 2
629 638 4
629 716 1
629 759 9
629 784 4
629 630 4
629 693 1
629 637 6
629 780 9
630 631 8
630 702 4
630 982 8
630 709 5
630 926 8
630 866 6
630 894 9
630 900 2
631 632 6
631 732 8
631 757 5
631 768 10
631 814 5
631 978 6
631 706 6
631 961 7
631 918 4
631 695 7
632 633 3
632 960 1
632 959 10
632 864 5
632 745 8
632 863 4
632 890 8
632 761 6
633 634 6
633 819 9
633 654 6
633 949 6
633 663 9
633 748 3
633 990 2
633 981 5
633 733 3
634 635 5
634 904 5
634 821 10
634 686 6
634 660 1
634 666 8
634 806 6
634 833 7
634 683 9
635 636 6
635 807 1
635 824 2
635 965 1
635 962 8
636 637 10
636 743 5
636 891 3
636 939 7
636 744 9
636 880 9
636 884 10
636 682 6
637 638 10
637 996 1
637 671 6
637 732 7
638 639 2
638 663 10
638 713 8
638 774 6
638 991 4
638 838 1
638 800 10
638 885 2
638 902 1
638 995 8
639 640 1
639 956 8
639 746 9
639 786 6
639 846 5
639 656 6
640 641 3
640 795 4
640 772 7
640 796 4
640 836 9
640 773 3
641 642 3
641 989 7
641 769 4
641 706 3
641 879 1
641 759 2
641 863 2
641 961 2
641 692 6
641 880 7
641 996 7
641 853 6
641 890 7
641 921 9
641 798 10
641 943 1
641 834 5
641 956 2
642 643 10
642 907 3
642 902 6
642 849 4
642 654 10
642 897 9
642 779 8
643 644 1
643 721 7
643 800 6
643 781 10
643 894 10
643 743 5
643 963 2
643 969 1
643 980 6
644 645 2
644 985 4
644 953 10
644 648 2
644 705 7
644 987 2
644 977 8
644 678 2
644 803 1
644 720 6
644 865 5
645 646 5
645 853 7
645 998 6
645 873 3
645 876 7
645 814 2
645 805 10
645 656 6
645 667 9
645 841 6
646 647 8
646 740 3
646 721 3
646 960 10
646 993 1
646 757 8
646 662 3
646 816 2
646 728 6
646 831 6
647 648 7
647 867 3
647 785 7
647 759 4
647 831 5
647 957 6
647 749 3
647 672 4
647 729 10
647 741 2
648 649 8
648 696 7
648 868 7
648 871 6
648 768 1
648 833 1
648 900 2
648 979 4
648 876 9
648 901 7
648 970 9
648 886 8
649 650 10
649 789 8
649 982 2
649 835 2
649 722 4
649 690 2
649 795 10
649 806 8
649 684 2
649 667 4
649 718 9
650 651 8
650 926 3
650 991 6
650 784 8
650 839 1
650 695 5
650 929 2
651 652 7
651 697 6
651 834 1
651 777 1
651 663 3
651 785 1
652 653 5
652 854 2
652 808 9
652 881 2
652 800 10
652 769 1
652 713 9
652 824 3
653 654 4
653 697 2
653 803 2
653 897 6
653 806 4
653 952 1
653 818 1
653 938 4
653 929 3
653 703 4
653 871 2
653 763 6
654 655 9
654 684 2
654 762 6
654 794 7
654 694 9
654 840 2
654 769 4
654 951 2
654 862 6
654 690 2
654 949 5
654 702 8
654 853 1
654 777 5
655 656 2
655 956 3
655 930 9
655 909 8
655 828 7
655 983 9
655 701 6
655 765 6
655 916 6
655 985 8
655 966 1
655 811 4
655 882 4
655 889 5
655 933 4
656 657 6
656 985 3
656 996 2
656 958 2
656 713 10
656 700 10
656 977 6
657 658 7
657 695 8
657 688 9
657 856 8
657 811 1
657 931 8
657 732 2
657 884 3
657 868 3
657 991 6
658 659 2
658 852 7
658 816 8
658 761 5
658 922 2
658 960 8
658 718 6
659 660 5
659 946 2
659 680 9
659 856 7
659 835 7
659 739 10
660 661 10
660 830 10
660 863 5
660 857 6
660 694 8
660 909 7
660 901 3
660 702 10
660 989 3
660 756 10
660 944 4
661 662 8
661 707 4
661 972 2
661 731 8
661 789 2
661 733 8
661 827 7
661 810 5
661 871 3
661 944 6
662 663 9
662 778 4
662 967 10
662 699 3
662 880 4
662 803 8
662 936 1
662 781 2
662 912 8
663 664 5
663 795 3
663 719 3
663 672 3
663 767 3
663 743 8
663 828 7
663 774 3
663 806 2
663 697 4
663 867 1
664 665 1
664 827 3
664 830 2
664 937 5
664 898 7
664 918 2
665 666 4
665 808 4
665 998 9
665 789 7
665 737 2
665 674 10
665 898 2
665 750 3
665 766 6
665 763 2
665 695 6
665 790 9
665 720 6
665 849 3
666 667 7
666 769 5
666 680 8
666 864 7
666 756 2
666 945 10
666 817 7
666 838 7
667 668 10
667 997 7
667 750 9
668 669 1
668 922 7
668 847 1
668 996 1
668 855 4
669 670 1
669 680 1
669 746 6
669 679 8
669 974 7
669 681 5
669 730 9
670 671 4
670 855 5
670 716 4
670 831 1
670 675 2
670 970 7
670 754 10
670 796 5
670 946 1
670 758 4
670 902 3
670 761 3
671 672 5
671 718 2
671 824 4
671 938 5
671 923 2
671 818 4
671 750 9
671 760 2
671 935 6
671 689 6
672 673 4
672 743 2
672 863 6
672 712 2
672 739 5
672 874 4
672 860 7
672 966 3
673 674 3
673 690 3
673 754 9
673 676 6
673 816 10
673 935 10
673 780 4
673 844 5
673 973 2
673 723 9
673 908 4
674 675 5
674 950 7
674 903 6
674 726 7
674 767 10
674 836 10
674 762 3
674 698 1
675 676 5
675 750 8
675 937 5
675 831 3
675 966 10
675 781 2
675 748 6
675 896 9
675 804 10
675 872 9
675 717 6
675 955 6
676 677 6
676 943 4
676 871 2
676 715 8
676 774 5
676 943 8
676 916 5
676 968 5
676 754 10
676 997 1
676 902 5
676 813 2
676 691 5
676 807 9
676 956 8
676 714 3
677 678 2
677 806 2
677 809 5
677 752 10
677 811 4
677 948 8
677 985 3
677 971 3
677 745 5
678 679 1
678 923 9
678 870 9
678 801 10
678 718 10
678 976 2
678 759 6
678 778 10
678 736 6
679 680 8
679 849 6
679 923 8
679 783 3
679 955 10
679 910 10
679 947 5
680 681 7
680 978 9
680 890 7
680 843 1
680 843 9
680 765 4
680 781 8
680 871 6
680 831 7
681 682 3
681 983 3
681 788 8
681 731 6
681 886 7
681 751 9
681 969 3
681 752 10
681 886 3
681 915 3
681 904 8
681 857 7
682 683 3
682 772 2
682 758 10
682 902 4
682 825 3
682 963 10
682 975 2
682 850 4
682 730 3
682 990 2
682 959 9
683 684 7
683 861 2
683 744 8
683 824 7
683 824 1
683 946 3
683 947 6
684 685 9
684 862 8
684 927 4
684 999 5
684 728 8
684 783 10
685 686 4
685 734 3
685 888 7
685 699 4
685 782 10
685 994 10
685 988 10
685 958 9
685 723 8
686 687 9
686 715 4
686 866 1
686 903 9
686 906 8
687 688 9
687 895 6
687 733 2
687 978 1
687 877 3
687 827 4
687 819 7
687 790 10
687 973 4
688 689 6
688 742 7
688 760 7
688 752 6
688 997 10
688 726 6
688 747 9
688 763 4
689 690 2
689 999 10
689 716 3
689 750 9
689 744 3
689 889 5
689 845 2
689 864 1
689 962 10
690 691 7
690 789 3
690 750 4
690 964 5
690 923 7
690 930 1
690 858 9
690 964 5
690 974 9
690 796 7
690 784 7
691 692 1
691 943 9
691 743 4
691 860 5
691 975 3
691 829 8
692 693 7
692 971 7
692 760 4
692 742 2
692 903 5
692 768 7
692 874 8
692 831 8
693 694 1
693 769 2
693 885 1
693 738 9
693 775 3
693 833 3
693 896 9
694 695 8
694 919 3
694 856 9
694 977 2
694 708 3
694 763 6
694 922 4
694 770 7
694 875 9
694 840 5
694 888 1
694 747 2
695 696 2
695 926 6
695 865 8
695 842 4
695 788 1
695 860 5
696 697 6
696 757 3
696 880 4
696 930 3
696 781 10
696 837 8
696 806 7
697 698 10
697 768 1
697 903 1
697 713 4
697 933 10
697 998 6
697 965 5
697 848 6
698 699 7
698 874 6
698 936 2
698 921 6
698 708 9
698 907 9
698 827 2
698 750 5
698 839 9
698 742 8
698 947 10
698 789 1
699 700 10
699 922 4
699 828 3
699 738 3
699 899 8
699 721 2
699 826 5
699 982 3
699 802 5
699 891 2
699 951 10
699 902 9
699 731 4
699 737 8
699 893 9
700 701 7
700 785 9
700 915 3
700 977 10
700 854 4
700 722 10
700 747 6
700 820 1
700 872 8
700 712 3
700 879 2
701 702 7
701 953 7
701 996 2
701 944 8
701 978 10
701 955 4
702 703 5
702 960 5
702 746 10
702 876 1
702 873 6
702 913 6
702 968 1
702 754 7
702 892 5
702 991 4
702 936 10
702 995 5
702 778 1
703 704 2
703 880 3
703 717 6
703 748 6
703 931 4
703 812 7
703 800 2
703 761 8
703 918 7
703 905 4
704 705 7
704 951 6
704 866 7
704 784 6
704 821 5
704 793 7
704 755 1
704 710 6
704 954 4
704 890 8
704 759 4
704 898 6
704 738 8
704 988 7
704 807 4
705 706 1
705 736 3
705 885 10
705 773 5
705 974 3
705 851 1
705 788 7
706 707 6
706 934 6
706 767 5
706 766 7
706 971 3
706 851 5
706 923 2
706 814 9
706 832 4
706 940 3
706 718 3
706 712 7
706 947 3
706 739 1
707 708 3
707 964 3
707 791 1
707 893 3
707 813 6
707 830 5
707 910 5
707 752 8
707 773 10
707 786 3
707 725 5
707 796 2
707 977 2
708 709 10
708 963 6
708 792 2
708 874 5
708 728 10
708 863 9
708 845 9
708 826 9
708 979 7
708 772 4
708 985 4
709 710 8
709 830 1
709 734 7
709 918 4
709 879 10
709 833 8
709 831 3
710 711 6
710 778 8
710 887 5
710 789 10
710 831 3
710 954 3
710 871 9
710 759 9
710 736 6
710 982 3
710 843 6
711 712 2
711 900 8
711 716 5
711 721 7
711 867 10
711 951 10
711 840 2
711 791 9
711 998 10
711 954 8
711 929 3
711 776 4
711 713 10
712 713 7
712 912 2
712 845 7
712 852 10
712 797 1
712 880 7
713 714 2
713 927 7
713 997 9
713 789 8
713 780 5
713 718 9
713 906 6
713 892 6
713 970 4
714 715 4
714 986 7
714 809 8
714 891 7
714 826 8
714 790 5
714 778 7
714 771 10
714 748 10
714 979 8
714 992 9
714 971 9
715 716 7
715 873 1
715 869 8
715 803 3
715 815 3
715 761 9
715 866 4
715 861 2
715 817 2
716 717 10
716 774 6
716 721 3
716 756 7
716 860 4
716 960 1
716 849 10
716 814 9
717 718 7
717 908 8
717 788 7
717 969 4
717 744 3
717 869 9
717 916 7
717 874 5
717 960 7
717 771 1
717 866 1
717 723 3
718 719 9
718 993 10
718 786 4
718 924 2
718 724 3
718 797 4
718 993 2
718 785 1
718 823 9
718 815 4
718 772 6
718 762 7
718 760 10
718 935 2
718 865 1
718 863 10
718 812 7
718 888 2
719 720 2
719 807 2
719 993 6
719 764 4
719 738 6
719 758 4
719 965 2
720 721 7
720 949 4
720 906 2
720 825 7
720 930 5
720 987 5
720 904 2
720 789 4
720 760 10
720 800 1
720 836 5
720 769 7
721 722 5
721 828 8
721 737 7
721 990 10
721 756 9
721 869 9
721 950 2
721 790 7
721 793 4
721 796 1
721 949 7
721 819 3
721 802 2
721 725 6
722 723 6
722 793 9
722 884 1
722 793 9
722 869 3
722 907 9
723 724 4
723 948 9
723 749 8
723 765 9
723 819 8
723 770 3
723 725 1
724 725 6
724 907 4
724 742 6
724 852 10
724 765 10
724 758 5
724 978 10
725 726 3
725 874 4
725 787 2
725 942 10
725 952 9
725 876 8
725 985 9
725 885 4
725 969 9
725 979 10
725 994 6
725 913 1
725 751 6
725 736 7
726 727 2
726 730 10
726 777 6
726 831 3
726 999 9
726 975 8
726 805 9
727 728 9
727 955 8
727 819 9
727 787 6
727 864 10
727 798 4
727 963 5
727 886 4
727 844 7
727 857 3
727 737 1
727 800 10
728 729 2
728 818 6
728 758 3
728 946 7
728 963 3
728 802 7
728 936 5
728 776 3
728 864 3
729 730 9
729 769 8
729 870 7
729 986 5
729 803 9
729 893 2
729 894 4
729 957 8
729 968 6
729 799 1
729 894 9
730 731 9
730 901 8
730 797 10
730 955 3
730 825 7
730 810 3
730 885 6
730 956 5
730 979 4
730 982 7
730 742 7
730 858 3
730 734 3
731 732 4
731 763 9
731 922 10
731 787 8
731 836 8
731 752 8
731 738 9
731 736 3
732 733 6
732 949 7
732 932 7
732 945 6
732 986 8
732 881 4
732 792 3
732 956 3
733 734 6
733 965 2
733 968 5
733 734 9
733 985 3
733 811 7
734 735 3
734 953 3
734 980 9
734 985 2
734 825 6
734 795 4
734 951 2
734 999 2
734 851 1
734 849 8
734 791 1
734 966 4
734 959 8
735 736 4
735 758 10
735 943 5
735 961 2
736 737 2
736 797 5
736 868 8
736 740 8
736 870 3
736 982 4
736 886 7
736 780 7
736 994 3
737 738 3
737 910 10
737 951 5
737 738 1
737 898 7
737 860 8
737 964 4
737 905 8
737 742 1
737 937 7
738 739 5
738 899 4
738 992 10
738 752 8
738 988 7
738 966 10
738 899 6
738 817 1
738 779 7
738 999 9
738 956 5
738 927 6
739 740 4
739 996 2
739 760 2
739 976 6
739 826 6
739 826 3
739 987 3
739 911 4
740 741 3
740 907 8
740 895 5
740 762 2
740 860 1
740 932 10
740 846 4
740 747 6
740 832 3
740 743 6
740 852 10
740 855 10
740 959 1
741 742 10
741 853 8
741 856 6
741 760 8
741 827 1
741 906 6
741 790 8
741 891 4
741 796 4
741 976 10
742 743 3
742 814 1
742 815 1
742 905 1
742 863 8
742 811 8
742 985 7
742 980 8
742 830 2
742 818 4
743 744 2
743 863 7
743 857 9
743 993 6
743 761 5
743 829 4
743 993 5
743 943 3
743 966 7
743 821 4
743 818 6
743 912 3
743 918 2
743 831 9
743 951 3
743 992 4
743 855 1
744 745 3
744 997 3
744 764 1
744 747 4
744 752 6
744 947 9
744 918 4
744 765 8
744 764 6
744 835 6
744 862 10
745 746 8
745 996 4
745 879 10
745 790 7
745 854 4
745 996 6
745 904 6
746 747 8
746 908 8
746 979 8
746 976 7
746 947 5
746 906 7
746 877 3
746 902 9
746 825 6
746 863 5
746 892 3
746 897 5
746 788 6
746 819 10
746 779 2
746 804 8
747 748 10
747 846 6
747 845 9
747 944 8
747 933 6
747 809 2
747 933 7
747 770 3
747 774 7
747 898 6
747 946 2
748 749 10
748 997 8
748 955 10
748 996 5
748 851 8
748 926 3
748 767 7
748 963 9
748 782 9
748 886 10
749 750 8
749 992 7
749 869 5
749 777 7
749 987 7
749 759 9
749 854 1
749 904 10
749 788 2
749 813 10
749 809 4
750 751 10
750 977 2
750 981 9
750 970 5
750 974 9
750 861 8
750 861 3
750 782 9
750 996 7
750 796 4
750 769 9
750 901 7
750 860 6
750 948 1
750 875 9
750 906 9
751 752 10
751 972 6
751 948 9
751 859 9
751 798 10
751 879 5
751 942 6
751 867 8
751 767 4
752 753 6
752 763 9
752 801 3
752 919 1
752 913 1
752 899 1
752 916 6
752 965 8
752 851 10
752 879 10
752 901 9
752 979 2
752 925 1
752 989 7
753 754 6
753 801 8
753 790 8
753 977 4
753 825 2
753 817 4
753 822 1
753 963 6
753 904 7
753 945 5
753 914 1
753 894 1
754 755 3
754 756 8
754 994 1
754 934 9
754 983 9
754 906 7
754 908 2
754 876 5
754 940 9
755 756 8
755 828 8
755 764 4
755 861 4
755 996 10
755 921 1
755 917 10
755 760 6
755 810 4
755 932 3
755 959 10
756 757 2
756 911 4
756 936 8
756 913 2
756 858 4
756 808 4
756 769 9
756 781 10
756 758 5
756 937 3
756 759 2
757 758 8
757 973 5
757 917 4
757 895 4
757 876 4
757 941 1
757 914 2
757 763 7
757 905 5
757 946 1
758 759 8
758 909 4
758 889 1
758 883 9
758 825 9
758 967 7
758 961 4
758 908 9
758 913 10
758 772 3
758 961 8
758 840 7
759 760 5
759 788 10
759 866 8
759 825 2
759 967 3
759 970 8
760 761 5
760 932 4
760 784 10
760 766 5
760 960 10
760 786 3
760 809 2
760 917 8
761 762 10
761 786 7
761 800 4
761 854 4
761 948 8
761 944 7
762 763 1
762 848 5
762 903 9
762 791 4
762 966 4
762 821 8
762 892 9
763 764 6
763 819 10
763 856 10
763 971 8
763 824 3
763 945 7
763 987 8
763 913 8
764 765 9
764 958 8
764 897 9
764 805 9
764 935 1
764 800 2
764 941 3
764 831 6
764 926 4
765 766 2
765 770 6
765 888 4
765 824 8
765 916 9
765 933 10
765 858 7
765 958 9
765 959 3
765 992 4
765 997 7
765 991 1
765 794 2
765 807 9
766 767 5
766 979 2
766 884 9
766 995 8
767 768 8
767 967 5
767 814 4
767 991 9
767 778 2
767 823 5
767 857 1
767 843 9
768 769 8
768 817 3
768 916 3
768 835 9
768 775 4
768 849 8
768 786 8
768 877 4
768 803 1
768 917 9
768 774 8
769 770 1
769 791 5
769 771 10
769 870 6
769 825 7
770 771 1
770 802 10
770 949 2
770 876 7
770 840 10
770 813 9
770 995 2
770 908 2
771 772 6
771 962 4
771 964 4
771 921 7
771 799 4
771 974 2
771 861 3
771 887 9
771 839 3
771 921 1
772 773 5
772 797 2
772 859 5
772 928 5
772 862 2
773 774 2
773 924 9
773 826 7
773 983 2
773 881 2
773 890 1
773 879 3
773 784 3
773 983 7
773 890 1
773 926 1
773 873 7
773 791 2
773 795 3
774 775 2
774 854 4
774 893 5
774 828 2
774 872 4
774 937 7
774 958 3
774 899 5
775 776 10
775 989 9
775 862 8
775 828 2
775 813 3
775 886 1
775 947 8
775 943 1
775 838 10
775 862 10
775 783 6
775 842 6
775 999 10
775 966 10
775 850 1
775 780 5
775 898 1
775 946 10
775 878 3
775 874 5
776 777 10
776 886 9
776 851 4
776 857 2
776 901 7
776 860 7
776 807 8
777 778 9
777 809 5
777 922 8
777 931 8
778 779 7
778 873 9
778 963 8
778 982 4
778 975 5
778 866 4
778 858 8
778 890 5
778 862 1
778 841 7
779 780 8
779 994 6
779 860 2
779 895 8
779 831 9
779 928 8
779 909 8
779 921 8
779 902 1
780 781 10
780 844 10
780 815 8
780 881 9
780 878 7
780 790 1
780 905 6
780 863 7
781 782 9
781 822 8
781 902 2
781 828 6
781 785 9
781 924 3
781 939 10
781 911 2
781 806 7
781 841 4
781 914 5
781 832 5
781 848 4
781 913 1
781 925 3
781 887 3
781 883 9
781 931 2
782 783 1
782 886 6
782 839 10
782 987 10
782 945 7
782 811 10
782 989 4
782 889 1
782 948 2
782 863 10
782 993 4
782 912 3
782 896 5
783 784 8
783 896 7
783 808 10
783 944 6
783 789 5
783 899 6
783 972 8
783 853 6
784 785 10
784 926 3
784 857 6
784 856 4
784 938 2
784 860 2
784 881 3
784 886 3
784 814 7
784 957 6
784 951 7
785 786 4
785 932 7
785 892 7
785 837 4
785 912 5
785 829 1
785 995 1
785 985 7
785 856 1
785 961 7
785 834 4
785 791 10
785 942 1
786 787 6
786 820 7
786 830 6
786 863 6
786 903 2
786 809 3
786 897 4
786 872 6
786 928 2
786 868 4
787 788 10
787 822 7
787 851 6
787 970 1
787 813 9
787 898 4
787 971 3
787 933 2
787 827 7
787 941 1
787 959 6
788 789 8
788 867 3
788 838 9
788 949 4
788 801 3
788 931 5
788 865 5
788 967 7
788 855 1
788 892 4
788 797 2
788 896 6
788 926 10
788 836 3
788 855 8
788 845 1
789 790 9
789 797 6
789 812 4
789 999 7
789 887 10
789 965 1
789 980 2
790 791 3
790 939 6
790 949 5
790 967 5
790 826 7
790 988 2
790 881 1
790 951 10
790 950 9
790 848 2
790 923 3
790 822 9
790 827 5
791 792 1
791 964 6
791 904 2
791 998 6
791 888 1
791 966 5
791 935 4
791 971 2
792 793 8
792 872 6
792 821 9
792 971 3
792 890 1
792 897 10
792 993 4
792 916 8
792 943 2
792 838 9
793 794 2
793 891 3
793 933 6
793 872 8
793 818 2
793 963 10
793 874 1
793 937 10
793 984 2
794 795 6
794 980 4
794 958 9
794 845 5
794 948 10
794 972 2
794 799 4
794 832 8
794 885 3
794 819 4
794 895 3
794 917 10
794 979 1
795 796 2
795 910 1
795 884 3
795 976 8
795 881 9
795 835 10
795 979 10
795 945 9
796 797 9
796 915 7
796 964 3
796 975 4
797 798 3
797 963 6
797 825 2
797 800 8
797 899 5
797 883 1
797 995 5
797 904 2
797 836 10
797 975 10
797 993 5
798 799 1
798 824 5
798 853 4
798 901 6
798 940 5
798 984 5
798 805 1
798 836 1
798 818 10
798 978 1
798 902 8
798 859 7
799 800 4
799 845 10
799 986 10
799 980 6
799 828 9
799 977 7
799 901 1
800 801 8
800 983 6
800 997 5
800 966 1
800 859 1
800 976 6
800 891 4
800 939 1
800 977 6
800 820 6
801 802 8
801 981 3
801 981 4
801 807 1
801 834 1
801 954 4
801 913 2
801 934 5
801 988 1
801 908 5
802 803 9
802 864 8
802 956 9
802 979 8
802 953 7
802 938 8
802 951 6
802 872 6
802 943 7
802 942 1
802 958 9
802 836 3
802 921 6
803 804 9
803 887 7
803 856 9
803 905 8
803 982 5
803 813 4
803 915 10
803 904 5
803 999 5
803 886 7
803 991 10
803 948 6
803 877 7
804 805 10
804 939 6
804 861 7
804 929 5
804 822 6
804 875 4
804 838 6
804 857 6
804 850 7
804 826 6
804 940 2
804 984 10
805 806 3
805 906 3
805 858 4
805 913 4
805 877 9
805 808 6
805 852 6
805 929 5
805 901 10
805 967 6
806 807 6
806 894 9
806 991 1
806 982 2
806 922 5
806 910 4
806 968 10
806 989 10
806 864 6
806 981 8
806 956 2
806 849 1
807 808 6
807 825 6
807 895 1
807 955 4
807 891 8
807 808 3
807 900 6
807 821 2
807 889 7
807 831 6
807 902 1
808 809 5
808 955 9
808 871 1
808 987 10
808 875 4
808 880 9
808 817 5
808 847 6
808 819 2
808 971 2
808 852 7
808 909 4
808 956 9
808 948 8
808 838 2
809 810 7
809 936 1
809 885 10
809 986 2
809 827 5
809 979 10
809 972 6
809 947 8
809 974 9
809 931 1
810 811 7
810 846 4
810 974 8
810 965 10
810 847 3
810 832 6
810 956 3
810 917 5
810 908 5
810 935 1
810 881 3
810 870 1
810 964 9
810 889 10
810 851 4
810 942 7
811 812 6
811 858 9
811 889 9
811 931 4
811 849 1
811 922 2
811 883 5
811 879 3
811 870 6
811 840 8
812 813 10
812 981 9
812 997 9
812 906 1
812 872 1
813 814 1
813 818 7
813 874 2
813 862 4
813 965 3
813 991 4
813 939 9
813 917 1
813 866 7
813 868 1
814 815 6
814 916 2
814 834 5
814 992 6
814 897 4
814 931 10
814 920 6
814 843 5
815 816 2
815 955 5
815 936 3
815 838 5
815 839 5
815 903 3
816 817 6
816 891 2
816 920 3
816 977 6
816 990 3
816 950 10
816 948 2
816 962 9
816 828 7
816 938 3
817 818 2
817 881 2
817 892 10
817 831 10
817 830 9
817 948 7
817 936 10
817 826 10
817 927 8
817 976 1
818 819 9
818 827 5
818 976 7
818 909 2
818 976 4
818 936 2
818 993 5
818 948 6
818 898 7
818 954 3
819 820 7
819 927 3
819 900 7
819 900 2
819 965 10
819 847 8
819 977 6
819 840 4
819 878 7
819 969 3
820 821 5
820 994 6
820 956 8
820 985 5
820 931 5
820 996 4
820 838 8
820 881 2
820 875 4
820 886 2
820 923 3
821 822 5
821 992 4
821 847 5
821 931 7
821 919 2
821 890 1
821 892 9
821 977 9
822 823 10
822 990 7
822 953 8
822 954 5
822 980 6
822 826 3
822 890 7
822 878 7
822 953 5
823 824 3
823 908 8
823 847 3
823 884 9
823 881 10
823 972 3
823 866 1
824 825 6
824 859 3
824 937 4
824 941 1
824 969 10
824 901 3
824 995 6
824 879 10
824 888 10
824 980 1
825 826 2
825 871 2
825 917 10
825 886 7
825 852 2
825 847 6
825 853 4
825 924 4
825 978 4
825 852 2
825 931 9
825 986 2
825 926 1
825 967 9
826 827 10
826 936 5
826 896 5
826 828 10
826 994 9
826 843 6
826 923 4
826 854 9
826 853 1
826 906 5
826 958 7
826 962 6
826 928 4
826 984 1
827 828 3
827 966 7
827 877 3
827 872 5
827 953 2
827 834 4
827 834 10
827 869 3
827 857 2
827 859 9
827 855 3
828 829 6
828 843 8
828 949 9
828 988 1
828 924 3
828 938 2
828 938 7
828 890 2
828 833 2
829 830 5
829 998 6
829 915 3
829 981 4
829 830 1
829 892 9
829 940 10
829 865 9
830 831 7
830 925 10
830 999 10
830 958 10
830 898 6
830 996 3
830 866 1
830 856 5
831 832 3
831 900 2
831 995 7
831 897 8
831 919 10
831 941 6
831 925 8
831 838 5
831 963 1
832 833 10
832 877 1
832 981 10
832 952 2
832 951 10
832 838 7
832 914 4
832 847 2
832 929 7
832 990 8
832 973 7
832 906 6
833 834 2
833 917 10
833 886 1
833 859 5
833 985 7
833 927 1
833 960 9
833 973 7
833 940 7
834 835 5
834 925 5
834 866 2
834 874 8
835 836 9
835 884 6
835 840 4
835 919 6
835 877 5
835 917 10
835 973 1
835 865 1
835 858 6
835 887 7
836 837 7
836 867 7
836 897 2
836 934 1
836 950 10
836 898 6
836 895 10
837 838 6
837 908 8
837 915 6
837 844 7
838 839 3
838 943 8
838 972 7
838 872 1
838 982 1
838 870 8
838 890 4
838 860 3
839 840 9
839 907 9
839 864 10
839 893 1
839 963 1
839 900 9
839 948 10
839 978 3
840 841 2
840 887 10
840 890 2
840 961 9
840 847 1
840 985 5
840 893 7
840 911 2
840 937 4
840 901 3
841 842 7
841 904 1
841 937 9
841 900 5
841 936 1
841 955 3
841 927 9
841 900 7
841 950 5
841 854 9
841 969 7
841 933 3
842 843 9
842 889 9
842 880 10
842 920 10
842 912 10
842 931 7
842 845 9
842 956 3
842 865 4
842 881 2
842 938 2
843 844 6
843 902 4
843 846 2
843 912 9
843 917 3
843 885 3
843 897 9
843 935 4
843 955 9
843 949 7
843 892 10
843 951 2
843 881 9
843 969 2
843 894 1
843 985 6
844 845 1
844 899 8
844 946 10
844 886 5
844 933 4
844 946 2
844 976 6
844 911 4
844 992 2
844 994 8
844 902 5
845 846 6
845 865 10
845 859 4
845 928 10
845 855 8
845 961 3
845 899 9
845 931 9
845 958 9
845 979 10
846 847 5
846 956 9
846 857 4
846 930 5
846 850 1
846 857 5
846 922 3
847 848 3
847 976 1
847 901 4
847 945 3
847 901 4
847 893 1
847 848 6
847 894 2
847 931 4
847 849 4
847 882 5
847 902 4
847 990 7
848 849 4
848 979 9
848 912 7
848 987 7
848 862 10
848 985 10
848 983 5
848 851 2
848 953 3
849 850 6
849 924 9
849 907 6
849 881 8
849 917 9
849 998 8
849 877 6
849 893 1
849 918 2
849 935 8
849 956 8
849 901 7
849 874 3
850 851 8
850 969 8
850 907 3
850 877 9
850 868 8
850 886 9
850 859 3
850 970 7
850 992 10
851 852 4
851 883 9
851 888 6
851 869 1
851 970 4
851 951 8
851 924 3
851 919 5
851 994 4
851 973 8
851 936 9
852 853 4
852 930 7
852 993 8
852 961 8
852 948 1
852 907 10
852 990 9
852 940 3
853 854 3
853 916 8
853 953 3
853 894 8
853 953 9
853 939 10
853 995 3
853 976 4
853 920 5
853 881 9
853 880 8
853 904 6
854 855 3
854 855 1
854 922 10
854 932 2
854 988 6
854 945 7
854 898 9
854 886 7
854 893 1
854 917 5
854 882 8
854 951 1
854 944 2
854 912 8
855 856 2
855 939 3
855 982 3
855 954 8
855 882 4
855 989 5
855 914 9
855 904 5
855 902 1
855 864 3
856 857 5
856 958 8
856 983 9
856 948 3
856 981 2
856 911 1
856 924 3
856 967 7
856 865 5
856 914 3
856 879 10
857 858 2
857 872 4
857 914 8
857 999 3
857 939 3
857 942 3
857 954 3
857 891 6
857 980 2
858 859 9
858 935 6
858 989 3
858 996 7
858 972 10
858 865 10
858 989 4
858 928 2
859 860 9
859 875 5
859 884 8
859 899 3
859 957 6
859 862 2
859 982 7
859 876 1
859 871 6
860 861 9
860 907 5
860 868 6
860 967 3
860 998 4
860 991 5
860 925 4
860 993 10
860 923 7
860 921 3
860 914 10
860 906 5
860 880 1
861 862 1
861 933 3
861 957 5
861 882 9
861 985 7
861 962 8
861 943 1
862 863 6
862 976 8
862 911 2
862 917 10
862 991 9
862 933 5
862 911 7
862 971 6
862 904 4
862 869 6
862 906 10
862 876 3
862 939 3
863 864 10
863 944 9
863 941 8
863 964 1
863 959 10
863 926 10
864 865 3
864 981 6
864 882 9
864 968 2
864 976 7
864 924 6
864 958 2
864 992 2
864 884 10
864 979 3
865 866 10
865 871 9
865 961 1
865 941 10
865 970 4
865 988 6
865 885 2
866 867 7
866 887 5
866 966 6
866 896 7
866 972 5
866 915 7
866 889 10
866 876 7
866 900 4
866 998 9
866 900 2
867 868 3
867 895 7
867 962 2
867 900 5
867 952 6
867 955 3
867 885 5
867 888 7
867 954 1
867 988 3
867 945 2
867 920 1
868 869 3
868 946 4
868 920 8
868 942 5
868 996 7
869 870 3
869 982 1
869 948 2
869 999 1
869 905 5
869 930 5
869 927 6
870 871 10
870 887 9
870 968 7
870 948 8
870 912 8
870 976 2
870 940 1
870 881 9
870 956 10
870 920 4
870 909 2
871 872 3
871 991 5
871 883 1
871 990 9
871 943 5
871 993 6
871 995 2
871 880 2
871 902 5
871 876 6
871 926 10
871 969 1
871 992 5
871 953 1
872 873 8
872 910 6
872 890 3
872 936 3
872 922 8
872 925 2
872 931 6
872 926 4
872 966 3
872 893 10
872 906 3
872 920 5
872 954 1
872 954 5
873 874 1
873 883 8
873 972 7
873 945 1
873 914 7
873 964 2
873 887 5
873 990 4
873 938 6
873 884 2
873 911 4
873 934 4
873 914 10
874 875 7
874 926 5
874 895 9
874 995 6
874 885 5
874 976 4
874 895 1
874 949 9
875 876 6
875 944 7
875 986 2
875 939 9
875 930 4
875 951 3
875 880 2
875 935 6
875 897 5
875 880 2
875 879 3
875 977 10
875 882 8
876 877 4
876 917 1
876 954 3
876 906 9
876 901 7
876 997 7
876 937 2
876 912 2
876 905 10
876 949 5
876 955 10
876 955 9
876 900 2
876 931 3
876 941 2
876 967 4
877 878 8
877 913 9
877 886 8
877 940 7
877 906 1
877 978 6
877 912 7
878 879 10
878 891 9
878 968 2
878 952 10
878 935 7
878 904 5
878 944 3
878 956 9
878 931 9
878 906 2
878 921 1
879 880 5
879 976 5
879 883 4
879 964 10
879 929 5
879 982 2
879 935 5
879 979 3
880 881 8
880 908 2
880 939 10
880 995 2
880 972 4
880 917 9
880 928 10
881 882 4
881 928 2
881 999 6
881 918 1
881 962 2
881 938 10
881 997 2
881 924 4
881 979 2
881 943 1
881 917 7
882 883 9
882 974 6
882 918 5
882 886 8
882 916 3
882 887 6
882 885 6
882 971 7
882 893 2
882 948 2
882 960 6
882 942 2
882 976 10
882 917 9
882 911 1
882 960 1
882 937 7
883 884 4
883 901 5
883 959 1
883 984 8
883 932 7
883 975 8
883 884 10
883 981 7
883 987 1
883 969 9
883 957 1
883 935 7
884 885 5
884 945 8
884 918 4
884 894 1
884 957 8
884 898 6
885 886 8
885 914 9
885 973 7
885 899 1
885 986 5
885 893 2
885 932 4
885 984 5
885 996 1
885 960 6
885 995 7
886 887 4
886 970 6
886 908 1
886 923 9
886 949 3
886 919 10
887 888 6
887 971 3
887 946 4
887 896 7
887 898 8
887 901 2
887 955 7
887 993 4
887 912 9
887 975 8
887 939 8
887 984 9
888 889 10
888 957 6
888 936 1
888 995 10
888 956 6
888 951 8
888 978 3
888 900 2
889 890 8
889 996 5
889 923 8
889 929 2
889 971 3
889 973 4
889 949 8
889 937 6
889 930 2
890 891 8
890 939 7
890 953 2
890 971 10
890 895 7
890 905 1
890 892 3
890 999 8
890 965 9
890 973 1
891 892 5
891 947 1
891 918 6
891 918 5
891 957 2
891 912 1
891 908 2
891 978 2
891 959 8
891 992 6
891 971 2
891 972 3
891 915 4
892 893 7
892 982 4
892 921 10
892 949 2
892 972 1
892 904 10
892 900 1
893 894 9
893 927 4
893 910 9
893 914 5
893 904 1
893 981 3
893 918 5
893 955 3
894 895 9
894 995 2
894 911 5
894 937 2
894 926 8
894 987 4
894 914 10
894 997 6
894 967 7
895 896 7
895 967 2
895 965 4
895 906 3
895 933 4
896 897 3
896 910 5
896 933 3
896 934 8
896 957 1
896 931 1
896 912 3
896 926 3
897 898 4
897 902 1
897 966 10
897 946 10
897 999 1
897 971 9
897 956 1
897 912 9
898 899 10
898 958 5
898 951 5
898 953 1
898 958 3
898 986 1
898 937 4
898 984 6
898 985 9
898 951 5
898 900 4
899 900 3
899 999 9
899 993 2
899 992 5
899 988 3
899 936 9
899 982 1
899 927 7
899 982 1
899 926 4
900 901 5
900 940 8
900 995 3
900 973 1
900 963 2
900 919 6
900 999 7
900 985 5
900 933 8
901 902 1
901 954 7
901 950 8
901 962 3
901 933 9
901 980 10
902 903 8
902 941 3
902 952 7
902 908 1
902 936 6
902 958 2
902 909 6
902 950 9
902 924 2
903 904 6
903 926 1
903 967 8
903 975 7
903 967 4
903 984 9
903 996 8
903 958 10
903 924 6
903 930 8
903 909 1
903 919 2
903 985 10
903 968 10
903 914 6
904 905 9
904 930 8
904 918 3
904 983 4
904 963 1
904 962 7
904 910 2
904 982 4
904 930 3
904 988 7
904 996 9
904 939 3
904 958 8
904 973 4
904 908 6
904 910 5
904 960 3
904 985 9
905 906 2
905 993 6
905 998 4
905 933 3
905 906 1
905 992 9
905 915 4
905 983 2
905 994 3
906 907 9
906 955 6
906 934 7
906 929 7
906 987 2
906 961 8
906 924 6
906 924 7
906 984 7
906 918 7
906 933 5
906 959 5
907 908 2
907 913 6
907 945 10
907 984 9
907 955 2
907 915 2
907 925 10
908 909 5
908 986 1
908 965 6
908 983 1
908 945 7
908 951 1
908 979 8
908 992 7
908 948 10
908 926 5
909 910 2
909 997 3
909 916 2
909 952 7
909 917 3
909 925 3
909 994 2
910 911 3
910 921 7
910 985 4
910 971 2
910 947 4
910 959 10
910 958 10
910 913 7
910 963 3
910 978 8
910 953 6
910 961 7
910 999 1
910 911 1
910 940 2
910 957 1
910 947 2
911 912 5
911 967 3
911 915 9
911 990 2
911 967 3
911 952 8
911 914 6
911 929 5
911 983 9
911 936 2
911 915 10
911 956 7
911 935 4
911 924 4
912 913 8
912 951 3
912 981 4
912 988 8
912 997 10
912 984 6
912 998 9
912 976 10
912 951 9
913 914 9
913 992 1
913 982 6
913 957 9
913 993 8
913 918 7
913 989 10
913 918 6
913 936 9
914 915 3
914 995 9
914 956 5
914 983 4
914 948 5
914 915 6
914 950 6
914 980 8
914 966 2
914 941 2
914 972 10
914 925 3
914 986 9
914 964 4
914 968 3
915 916 7
915 985 8
915 989 5
915 935 3
915 919 4
915 976 8
915 991 9
915 949 5
915 917 2
915 926 10
916 917 2
916 966 6
916 965 6
916 963 8
916 971 6
916 940 2
916 921 10
917 918 4
917 968 6
917 953 1
917 932 3
917 937 9
917 923 10
917 964 3
917 949 6
917 960 8
918 919 8
918 931 3
918 985 7
918 974 9
918 982 3
918 965 2
918 925 3
918 997 9
918 986 10
918 947 2
918 924 2
919 920 6
919 944 6
919 993 5
919 920 7
919 959 3
919 998 5
919 948 8
919 949 4
919 980 6
919 990 5
919 943 8
920 921 1
920 986 8
920 990 10
920 926 8
920 948 1
920 978 9
920 942 7
920 957 5
920 932 1
920 971 3
920 987 6
921 922 7
921 929 10
921 959 8
921 927 3
921 989 10
921 965 7
921 980 3
921 994 5
921 993 3
921 943 6
921 954 3
921 934 8
921 973 9
921 992 4
921 971 4
921 961 4
921 932 9
921 950 10
922 923 1
922 975 10
922 927 6
922 999 5
922 957 2
922 929 4
922 972 5
922 931 9
923 924 7
923 993 1
923 992 1
923 925 3
923 931 7
923 931 1
924 925 9
924 989 4
924 981 3
924 929 9
924 965 9
924 999 2
925 926 6
925 969 9
925 942 6
925 954 3
925 966 9
925 980 6
925 982 5
925 990 3
926 927 4
926 958 10
926 959 4
926 991 3
926 977 10
926 966 2
926 953 1
926 964 9
926 957 6
926 984 8
926 987 7
926 963 3
926 944 8
927 928 7
927 949 10
927 974 9
927 944 9
927 939 9
927 979 8
927 971 9
928 929 2
928 934 4
928 960 1
928 964 5
928 973 10
928 932 10
929 930 6
929 941 10
929 980 1
929 931 5
929 998 9
929 955 3
929 981 8
929 940 10
929 987 2
930 931 4
930 954 5
930 976 10
930 964 10
930 992 3
931 932 1
931 942 5
931 956 7
931 974 5
931 988 2
931 972 8
931 959 7
931 953 6
931 935 9
931 979 10
932 933 6
932 981 9
932 933 7
932 980 5
932 960 2
932 985 3
932 944 2
932 948 2
932 944 9
933 934 2
933 991 7
933 978 6
933 937 2
933 984 9
933 957 4
933 948 10
933 979 10
933 979 7
934 935 6
934 995 9
934 996 8
934 981 7
934 991 5
934 981 1
934 968 1
934 961 7
934 941 5
934 980 9
934 995 7
934 966 8
934 936 9
934 986 3
935 936 3
935 958 7
935 947 8
935 953 1
935 981 5
935 951 3
935 988 1
935 993 2
935 979 7
935 959 1
935 965 2
935 950 6
936 937 3
936 940 9
936 952 10
936 950 6
936 992 9
936 960 8
936 941 4
936 983 2
936 993 10
936 965 2
936 952 5
937 938 1
937 953 9
937 966 6
937 949 2
937 965 9
937 997 8
938 939 5
938 969 1
938 970 6
938 962 7
938 992 8
938 991 9
938 939 10
938 962 5
938 983 10
938 992 5
938 942 9
939 940 8
939 976 2
939 950 6
939 974 6
939 955 4
939 990 9
939 955 8
939 959 9
939 996 10
940 941 3
940 947 9
940 980 10
940 944 5
940 964 4
940 980 4
940 968 6
940 982 5
940 967 8
940 987 6
940 974 1
940 988 2
940 959 5
941 942 8
941 944 4
941 947 9
941 977 9
941 993 8
941 978 9
941 982 1
941 957 3
941 965 5
941 952 1
941 995 6
942 943 8
942 973 1
942 948 2
942 960 6
942 948 8
942 948 1
942 981 4
942 952 7
942 998 1
942 958 8
942 967 7
942 995 3
943 944 10
943 995 10
943 993 6
943 982 8
943 987 7
943 951 1
943 950 7
943 995 5
943 982 10
944 945 1
944 974 10
944 988 8
944 962 7
944 953 3
944 957 5
944 974 10
944 961 7
944 981 10
944 998 2
944 994 5
945 946 2
945 981 10
945 971 2
945 992 10
945 949 3
945 991 5
945 954 8
946 947 1
946 998 9
946 951 5
946 974 2
946 957 9
946 960 9
946 995 1
946 958 7
946 965 1
946 969 8
946 950 10
946 997 6
946 996 7
946 963 2
947 948 5
947 954 10
947 982 3
947 976 6
947 970 10
947 995 7
947 991 8
947 972 9
947 987 4
947 957 8
947 996 6
948 949 4
948 974 6
948 996 5
948 954 10
948 952 2
948 956 5
948 980 4
948 956 8
948 985 10
949 950 3
949 966 5
949 984 2
949 993 3
949 990 8
949 989 4
949 955 10
949 967 1
949 950 5
950 951 9
950 951 7
950 963 10
950 963 5
950 993 9
950 986 6
950 976 10
950 958 7
950 971 4
950 989 10
951 952 10
951 972 1
951 956 5
951 958 6
951 993 9
951 997 8
951 958 9
952 953 9
952 968 9
952 978 4
952 960 4
952 980 10
952 974 8
952 982 2
952 994 9
952 956 7
952 962 2
952 979 3
953 954 7
953 979 10
953 964 5
953 957 1
953 976 4
953 987 10
954 955 2
954 963 8
954 986 8
954 963 8
954 981 2
954 991 8
954 970 4
954 989 2
954 959 5
955 956 5
955 975 9
955 991 5
955 958 7
955 963 9
955 972 2
955 978 4
955 956 4
955 980 6
955 998 3
955 971 4
955 968 7
956 957 4
956 987 1
956 975 7
956 966 8
956 960 5
956 976 6
956 974 5
956 998 3
956 967 9
956 986 10
957 958 5
957 995 10
957 969 3
957 994 1
957 989 4
957 980 8
957 992 2
957 990 8
957 994 9
957 959 8
957 979 9
957 986 5
957 986 8
957 980 9
958 959 2
958 974 1
958 972 5
958 982 7
958 980 3
958 992 3
958 998 7
958 970 5
959 960 1
959 972 2
959 990 9
959 994 10
959 972 2
959 961 10
959 996 7
959 977 8
959 973 8
959 981 6
959 964 6
960 961 4
960 995 3
960 988 1
960 967 2
960 975 5
960 965 3
961 962 7
961 985 3
961 984 1
961 985 3
961 964 1
961 967 5
961 978 10
961 969 7
961 994 8
962 963 10
962 988 6
962 972 9
962 986 4
962 976 7
962 963 1
962 968 9
962 988 7
962 980 7
962 995 5
962 998 4
962 982 5
962 990 2
963 964 8
963 997 10
963 995 10
963 964 1
963 999 6
963 990 2
963 976 10
964 965 2
964 979 5
964 982 3
964 991 8
964 992 8
964 992 3
964 978 10
964 969 3
964 976 4
965 966 2
965 979 8
965 976 10
965 976 2
965 997 5
965 966 8
965 977 5
965 988 5
965 992 10
965 996 1
965 969 2
965 969 2
965 975 9
965 993 8
966 967 8
966 968 8
966 974 9
966 994 7
966 979 1
966 972 4
966 980 3
966 988 10
966 988 4
966 983 5
967 968 10
967 971 1
967 981 9
967 971 2
967 984 7
967 990 7
968 969 9
968 973 10
968 981 10
968 983 6
968 989 5
968 997 2
968 981 10
968 971 7
968 998 9
968 976 5
968 981 5
968 985 2
969 970 1
969 972 4
969 994 8
969 988 2
969 974 5
969 991 10
969 978 1
969 985 1
969 998 6
969 996 8
969 984 3
969 995 10
969 972 2
969 987 6
970 971 9
970 989 10
970 996 7
970 985 6
970 994 10
970 990 10
970 993 10
970 999 10
971 972 10
971 997 7
971 994 10
971 980 4
971 995 2
971 990 6
971 975 8
971 987 5
971 987 6
971 987 3
971 982 4
971 992 1
971 999 2
972 973 4
972 997 8
972 973 6
972 975 9
972 985 8
972 987 7
972 999 10
972 991 10
972 976 9
972 990 6
972 979 1
972 999 3
972 981 3
973 974 3
973 989 6
973 984 6
973 998 10
973 987 4
973 993 2
973 988 6
973 987 3
973 990 4
973 977 7
973 976 2
973 995 10
973 981 6
973 978 9
974 975 5
974 975 8
974 987 8
974 978 2
974 995 1
974 991 6
974 996 2
974 978 2
974 985 6
974 993 2
974 997 5
974 986 9
974 983 6
974 995 8
975 976 7
975 976 3
975 992 2
975 986 10
975 989 9
975 998 4
975 988 8
975 986 8
975 981 3
975 977 8
975 981 9
975 991 8
975 990 2
976 977 1
976 989 2
976 983 1
976 992 7
976 979 5
976 995 7
976 982 1
976 984 2
976 983 10
976 978 7
976 993 10
976 993 4
977 978 10
977 982 5
977 993 2
977 982 9
977 983 2
977 986 7
977 994 8
977 999 1
978 979 6
978 998 5
978 990 9
978 999 8
978 984 5
978 991 5
978 982 3
978 986 6
978 997 1
978 987 5
979 980 4
979 980 4
979 993 10
979 985 10
979 990 2
979 996 8
979 999 2
979 980 2
979 982 10
979 995 5
980 981 10
980 985 8
980 982 8
980 999 9
980 989 6
980 985 10
980 984 9
980 992 8
980 984 4
981 982 7
981 996 4
981 995 4
981 983 6
981 995 3
981 994 10
981 999 9
981 992 1
981 998 5
981 989 10
981 989 3
981 992 4
982 983 3
982 995 1
982 996 6
982 993 1
982 994 5
982 991 3
982 996 4
982 985 4
982 998 6
982 989 1
982 988 6
982 991 5
982 986 10
982 983 8
983 984 2
983 987 1
983 988 5
983 991 7
983 984 3
983 996 8
983 999 4
983 992 2
983 985 7
983 997 2
983 987 6
984 985 9
984 988 10
984 996 2
984 991 2
984 995 6
984 996 1
984 993 4
984 999 7
985 986 6
985 993 5
985 988 9
985 992 9
985 997 3
985 986 8
985 988 8
985 993 2
985 996 9
985 998 2
985 998 5
986 987 2
986 995 9
986 993 6
986 994 1
986 998 8
986 994 8
986 995 9
986 999 5
986 993 5
986 994 10
986 994 7
986 995 9
986 987 9
987 988 9
987 996 3
987 994 6
987 992 3
987 988 10
987 996 1
987 993 1
987 993 6
987 992 9
988 989 9
988 997 8
988 996 7
988 999 2
988 993 9
988 990 4
988 994 10
988 991 2
989 990 9
989 998 1
989 996 10
989 990 1
989 992 4
989 996 4
989 994 10
989 993 6
989 992 1
989 999 6
990 991 9
990 994 1
990 994 6
990 996 7
990 994 5
990 999 7
990 997 9
990 992 8
990 992 3
990 996 7
990 994 5
990 991 10
991 992 9
991 997 7
991 992 1
991 992 10
991 993 4
991 999 4
991 995 4
991 997 5
991 997 2
991 999 8
991 993 4
991 999 7
991 992 3
992 993 1
992 994 7
992 997 1
992 993 10
992 994 5
992 996 1
992 999 6
992 998 10
992 994 9
992 995 3
992 996 2
992 994 5
992 993 3
993 994 7
993 996 1
993 996 8
993 998 4
993 994 10
993 999 9
993 996 4
993 998 5
993 998 7
994 995 8
994 999 4
994 998 10
994 999 1
994 996 10
994 998 6
994 995 8
994 997 1
995 996 1
995 998 7
995 999 4
995 997 5
995 997 3
995 999 10
995 999 4
995 999 1
995 996 6
995 999 10
995 998 6
995 998 4
996 997 7
996 997 6
996 997 9
996 997 4
996 999 2
996 998 7
996 997 9
996 998 9
996 997 5
996 997 2
996 997 7
996 997 4
997 998 6
997 998 8
997 998 9
997 998 10
997 998 2
997 999 7
997 998 6
997 999 4
997 998 1
997 998 2
997 999 7
997 998 5
997 999 8
997 999 10
997 999 1
998 999 5
998 999 3
998 999 7
998 999 9
998 999 2
998 999 10
998 999 4
998 999 10
998 999 1
998 999 6
998 999 2
998 999 9
998 999 2
998 999 10
998 999 10
998 999 2
